0,0,1,1,270.828,794.098,309.037,834.066,235.925,770.142,371.546,1101.029
1,0,1,1,308.304,302.982,330.837,326.823,285.748,291.418,370.556,493.414
2,0,1,1,307.919,241.003,328.645,262.841,286.849,230.501,365.794,416.410
3,0,1,1,739.951,231.693,759.968,253.491,719.708,220.830,786.893,408.145
4,0,1,1,814.375,246.562,835.021,268.946,793.722,235.410,861.430,427.627
5,0,1,1,900.739,405.852,926.483,433.889,876.425,392.142,956.344,628.416
6,0,1,1,693.431,1028.397,736.904,1075.620,656.185,994.592,791.581,1387.335
7,0,1,1,1653.546,620.442,1686.481,655.497,1607.143,601.733,1717.096,892.799
8,0,1,1,1666.107,923.010,1710.000,968.739,1615.588,890.117,1748.101,1277.631
9,0,1,1,1832.710,183.865,1855.236,205.682,1790.455,174.285,1877.452,359.453
10,0,1,1,1676.228,122.099,1694.725,141.486,1645.396,113.399,1713.707,277.873
11,0,1,1,1480.852,36.148,1495.792,52.491,1459.905,28.546,1511.704,167.011
12,0,1,1,1379.436,17.869,1393.611,33.448,1361.498,10.463,1408.828,142.648
13,0,1,1,907.025,82.458,922.774,99.486,890.294,73.968,942.941,220.703
0,1,1,1,262.917,797.690,301.365,837.794,227.836,773.515,364.169,1105.703
1,1,1,1,303.184,305.095,325.810,329.003,280.550,293.501,365.812,496.026
2,1,1,1,312.721,240.620,333.408,262.444,291.684,230.117,370.360,415.928
3,1,1,1,742.844,228.984,762.786,250.691,722.663,218.163,789.575,404.753
4,1,1,1,817.543,245.045,838.149,267.379,796.925,233.917,864.463,425.739
5,1,1,1,897.216,407.562,923.007,435.656,872.864,393.820,952.999,630.515
6,1,1,1,698.799,1022.932,742.125,1069.968,661.658,989.585,796.532,1380.162
7,1,1,1,1652.940,623.067,1685.953,658.207,1606.468,604.285,1716.626,896.037
8,1,1,1,1669.839,927.859,1714.013,973.812,1619.383,894.518,1752.304,1284.405
9,1,1,1,1835.162,183.211,1857.723,205.025,1792.740,173.642,1879.959,358.774
10,1,1,1,1675.872,122.174,1694.368,141.561,1645.057,113.472,1713.349,277.954
11,1,1,1,1482.234,35.550,1497.161,51.879,1461.258,27.957,1513.066,166.298
12,1,1,1,1383.511,15.815,1397.634,31.342,1365.526,8.437,1412.814,140.150
13,1,1,1,908.851,80.868,924.553,97.847,892.158,72.402,944.655,218.703
0,2,1,1,254.996,803.051,293.754,843.355,219.689,778.575,356.894,1112.622
1,2,1,1,297.906,308.422,320.663,332.438,275.164,296.776,361.008,500.147
2,2,1,1,317.689,239.354,338.312,261.136,296.707,228.865,375.028,414.350
3,2,1,1,745.655,226.386,765.525,248.006,725.534,215.606,792.183,401.500
4,2,1,1,821.013,244.223,841.602,266.531,800.413,233.106,867.840,424.730
5,2,1,1,893.505,409.776,919.357,437.944,869.103,395.993,949.501,633.237
6,2,1,1,704.310,1016.306,747.457,1063.121,667.298,983.493,801.562,1371.530
7,2,1,1,1653.023,625.146,1686.102,660.354,1606.478,606.304,1716.827,898.610
8,2,1,1,1673.938,933.475,1718.437,979.691,1623.571,899.610,1756.947,1292.268
9,2,1,1,1837.832,182.407,1860.430,204.215,1795.228,172.851,1882.688,357.923
10,2,1,1,1675.838,122.214,1694.335,141.603,1645.024,113.512,1713.316,278.002
11,2,1,1,1483.549,34.894,1498.462,51.208,1462.547,27.310,1514.357,165.512
12,2,1,1,1387.646,13.869,1401.720,29.347,1369.609,6.518,1416.866,137.790
13,2,1,1,910.775,79.563,926.440,96.502,894.114,71.117,946.484,217.065
0,3,1,1,247.314,809.465,286.424,850.008,211.754,784.634,349.911,1120.891
1,3,1,1,292.671,311.514,315.552,335.630,269.825,299.821,356.232,503.977
2,3,1,1,322.357,237.379,342.898,259.097,301.445,226.916,379.363,411.892
3,3,1,1,748.313,224.349,768.127,245.901,728.239,213.601,794.677,398.953
4,3,1,1,824.481,243.658,845.059,265.949,803.893,232.549,871.230,424.045
5,3,1,1,889.515,412.830,915.454,441.100,865.044,398.989,945.780,636.998
6,3,1,1,709.730,1008.519,752.665,1055.078,672.870,976.308,806.444,1361.461
7,3,1,1,1653.750,626.903,1686.894,662.169,1607.124,608.007,1717.670,900.795
8,3,1,1,1677.779,940.213,1722.648,986.740,1627.542,905.727,1761.401,1301.663
9,3,1,1,1840.608,182.045,1863.259,203.862,1797.801,172.497,1885.553,357.617
10,3,1,1,1676.125,122.297,1694.626,141.689,1645.294,113.594,1713.612,278.113
11,3,1,1,1484.916,35.173,1499.841,51.498,1463.866,27.586,1515.748,165.884
12,3,1,1,1391.476,11.823,1405.498,27.249,1373.395,4.500,1420.607,135.303
13,3,1,1,912.681,78.399,928.313,95.304,896.048,69.972,948.304,215.606
0,4,1,1,239.824,816.804,279.325,857.622,203.985,791.566,343.163,1130.359
1,4,1,1,286.749,314.687,309.762,338.905,263.791,302.945,350.810,507.905
2,4,1,1,327.093,235.121,347.544,256.765,306.257,224.688,383.746,409.082
3,4,1,1,750.928,223.342,770.718,244.862,730.876,212.609,797.197,397.707
4,4,1,1,828.109,243.080,848.677,265.355,807.533,231.979,874.778,423.346
5,4,1,1,885.633,416.316,911.672,444.703,861.083,402.410,942.192,641.293
6,4,1,1,714.956,1001.440,757.700,1047.770,678.235,969.761,811.160,1352.353
7,4,1,1,1654.785,628.998,1688.008,664.334,1608.058,610.037,1718.847,903.404
8,4,1,1,1681.611,947.842,1726.897,994.723,1631.548,912.644,1765.914,1312.316
9,4,1,1,1843.330,181.939,1866.041,203.770,1800.317,172.393,1888.375,357.619
10,4,1,1,1676.459,121.450,1694.940,140.820,1645.631,112.760,1713.910,277.084
11,4,1,1,1486.337,35.373,1501.272,51.708,1465.239,27.784,1517.189,166.160
12,4,1,1,1395.267,9.549,1409.230,24.916,1377.145,2.257,1424.298,132.534
13,4,1,1,914.783,77.526,930.390,94.405,898.170,69.112,950.335,214.514
0,5,1,1,232.641,824.810,272.565,865.930,196.509,799.121,336.743,1140.704
1,5,1,1,280.210,316.778,303.330,341.064,257.163,305.007,344.726,510.493
2,5,1,1,331.033,232.295,351.381,253.847,310.282,221.903,387.329,405.566
3,5,1,1,753.280,222.957,773.064,244.466,733.235,212.228,799.498,397.243
4,5,1,1,831.649,242.249,852.198,264.498,811.092,231.161,878.223,422.326
5,5,1,1,881.446,420.164,907.595,448.681,856.808,406.187,938.328,646.034
6,5,1,1,719.989,995.118,762.565,1041.246,683.392,963.902,815.716,1344.252
7,5,1,1,1656.325,631.996,1689.662,667.433,1609.451,612.941,1720.591,907.141
8,5,1,1,1685.833,955.694,1731.562,1002.950,1635.974,919.738,1770.859,1323.369
9,5,1,1,1845.861,182.148,1868.639,204.000,1802.649,172.600,1891.018,357.996
10,5,1,1,1676.946,119.906,1695.388,139.235,1646.129,111.241,1714.329,275.205
11,5,1,1,1488.024,35.140,1502.958,51.473,1466.880,27.555,1518.877,165.906
12,5,1,1,1398.951,7.651,1412.867,22.971,1380.783,0.385,1427.902,130.234
13,5,1,1,917.043,76.719,932.628,93.575,900.449,68.318,952.527,213.507
0,6,1,1,225.748,832.791,266.098,874.218,189.322,806.642,330.591,1151.057
1,6,1,1,274.181,318.739,297.403,343.088,251.050,306.941,339.125,512.921
2,6,1,1,334.685,229.429,354.932,250.888,314.019,219.079,390.636,402.001
3,6,1,1,756.146,222.941,775.935,244.452,736.098,212.211,802.331,397.250
4,6,1,1,835.569,241.254,856.096,263.472,815.034,230.180,882.033,421.101
5,6,1,1,877.273,424.073,903.534,452.721,852.547,410.024,934.482,650.847
6,6,1,1,724.741,990.071,767.184,1036.039,688.242,959.218,820.054,1337.801
7,6,1,1,1657.540,636.145,1691.025,671.719,1610.494,616.962,1722.069,912.299
9,6,1,1,1847.970,181.829,1870.788,203.687,1804.602,172.287,1893.194,357.712
10,6,1,1,1677.297,117.797,1695.682,137.069,1646.512,109.164,1714.580,272.629
11,6,1,1,1489.679,34.946,1504.613,51.277,1468.488,27.365,1520.534,165.699
12,6,1,1,1402.821,5.636,1416.686,20.905,1384.604,-1.604,1431.687,127.794
13,6,1,1,919.271,76.259,934.844,93.101,902.688,67.864,954.708,212.937
0,7,1,1,219.446,840.325,260.203,882.046,182.742,813.729,324.971,1160.865
1,7,1,1,267.904,320.204,291.216,344.601,244.697,308.388,333.257,514.736
2,7,1,1,338.340,226.646,358.489,248.015,317.757,216.336,393.953,398.538
3,7,1,1,759.007,222.775,778.799,244.282,738.961,212.045,805.150,397.067
4,7,1,1,839.277,239.255,859.750,261.406,818.789,228.213,885.571,418.604
5,7,1,1,872.617,427.312,898.968,456.067,847.817,413.206,930.125,654.826
6,7,1,1,729.301,985.405,771.623,1031.225,692.893,954.881,824.220,1331.855
7,7,1,1,1658.508,641.052,1692.163,676.789,1611.275,621.718,1723.339,918.394
9,7,1,1,1849.577,181.426,1872.422,203.282,1806.095,171.890,1894.844,357.301
10,7,1,1,1677.386,115.464,1695.706,134.674,1646.651,106.868,1714.554,269.771
11,7,1,1,1491.150,33.880,1506.059,50.185,1469.936,26.314,1521.963,164.410
12,7,1,1,1406.341,3.638,1420.155,18.857,1388.080,-3.575,1435.121,125.371
13,7,1,1,921.708,76.151,937.281,92.992,905.128,67.758,957.118,212.814
0,8,1,1,213.397,847.574,254.555,889.582,176.424,820.536,319.571,1170.342
1,8,1,1,261.759,321.395,285.154,345.831,238.483,309.565,327.501,516.213
2,8,1,1,341.815,224.767,361.893,246.075,321.291,214.483,397.161,396.200
3,8,1,1,761.647,222.404,781.434,243.901,741.608,211.679,807.737,396.624
4,8,1,1,842.935,237.135,863.350,259.216,822.497,226.127,889.052,415.955
5,8,1,1,867.753,429.729,894.167,458.563,842.898,415.581,925.516,657.784
6,8,1,1,733.485,980.958,775.692,1026.640,697.164,950.740,828.032,1326.210
7,8,1,1,1659.865,646.823,1693.722,682.752,1612.408,627.308,1725.056,925.570
9,8,1,1,1851.330,181.005,1874.204,202.862,1807.722,171.477,1896.644,356.877
10,8,1,1,1677.076,113.333,1695.334,132.483,1646.408,104.769,1714.133,267.147
11,8,1,1,1492.567,32.636,1507.445,48.908,1471.336,25.086,1523.328,162.900
12,8,1,1,1410.316,1.695,1424.083,16.865,1392.000,-5.493,1439.017,123.026
13,8,1,1,924.282,76.163,939.858,93.006,907.701,67.769,959.671,212.843
14,8,1,1,1852.706,292.999,1879.052,318.146,1806.186,281.598,1904.254,493.517
0,9,1,1,206.930,853.553,248.456,895.807,169.711,826.123,313.695,1178.244
1,9,1,1,256.143,322.002,279.602,346.458,232.815,310.168,322.211,516.969
2,9,1,1,345.317,223.351,365.337,244.612,324.842,213.084,400.428,394.438
3,9,1,1,764.596,221.043,784.348,242.496,744.587,210.339,810.564,394.932
4,9,1,1,846.229,234.441,866.567,256.430,825.854,223.475,892.137,412.574
5,9,1,1,862.784,431.601,889.245,460.494,837.887,417.423,920.772,660.065
6,9,1,1,737.074,976.159,779.154,1021.693,700.848,946.261,831.251,1320.147
7,9,1,1,1661.436,652.353,1695.493,688.466,1613.762,632.659,1726.980,932.456
9,9,1,1,1853.326,180.373,1876.229,202.226,1809.578,170.856,1898.687,356.208
10,9,1,1,1676.551,111.229,1694.744,130.319,1645.960,102.696,1713.493,264.551
11,9,1,1,1494.136,31.122,1508.977,47.355,1472.888,23.593,1524.833,161.060
12,9,1,1,1413.845,-0.203,1427.564,14.921,1395.481,-7.365,1442.467,120.732
13,9,1,1,926.985,76.139,942.563,92.983,910.404,67.745,962.350,212.827
14,9,1,1,1852.546,292.695,1878.878,317.831,1806.046,281.299,1904.069,493.138
0,10,1,1,199.862,858.295,241.731,900.756,162.417,830.526,307.176,1184.609
1,10,1,1,251.054,323.329,274.594,347.830,227.658,311.479,317.477,518.620
2,10,1,1,348.803,222.701,368.789,243.941,328.358,212.440,403.735,393.631
3,10,1,1,767.073,219.436,786.782,240.835,747.101,208.756,812.909,392.924
4,10,1,1,849.243,232.032,869.511,253.939,828.924,221.104,894.963,409.552
5,10,1,1,858.135,433.581,884.646,462.537,833.194,419.370,916.348,662.481
6,10,1,1,739.960,969.961,781.870,1015.306,703.857,940.459,833.722,1312.361
7,10,1,1,1663.454,657.518,1697.705,693.804,1615.563,637.652,1729.342,938.904
9,10,1,1,1855.283,179.650,1878.212,201.496,1811.399,170.145,1900.684,355.428
10,10,1,1,1676.027,109.764,1694.173,128.811,1645.498,101.251,1712.885,262.738
11,10,1,1,1495.247,29.485,1510.045,45.674,1473.999,21.978,1525.871,159.059
12,10,1,1,1417.405,-1.734,1431.089,13.353,1398.985,-8.876,1445.968,118.895
13,10,1,1,929.649,76.280,945.235,93.131,913.065,67.884,965.000,213.019
14,10,1,1,1852.780,292.848,1879.123,317.990,1806.258,281.449,1904.322,493.334
0,11,1,1,192.153,861.681,234.335,904.303,154.505,833.634,299.974,1189.276
1,11,1,1,245.529,324.847,269.161,349.397,222.057,312.975,312.348,520.508
2,11,1,1,352.053,222.573,372.021,243.809,331.624,212.310,406.852,393.473
3,11,1,1,769.930,217.326,789.580,238.655,750.006,206.679,815.597,390.284
4,11,1,1,852.048,230.031,872.260,251.872,831.776,219.136,897.610,407.044
5,11,1,1,853.867,435.461,880.426,464.478,828.885,421.219,912.292,664.776
6,11,1,1,743.419,962.904,785.138,1008.035,707.457,933.841,836.698,1303.526
7,11,1,1,1665.386,661.461,1699.791,697.881,1617.321,641.461,1731.548,943.838
9,11,1,1,1857.715,178.685,1880.674,200.521,1813.664,169.196,1903.164,354.379
10,11,1,1,1675.417,108.922,1693.534,127.943,1644.940,100.421,1712.222,261.685
11,11,1,1,1496.220,27.573,1510.967,43.709,1474.982,20.091,1526.756,156.715
12,11,1,1,1421.352,-3.763,1434.986,11.274,1402.875,-10.879,1449.832,116.450
13,11,1,1,932.443,76.048,948.025,92.893,915.865,67.655,967.756,212.740
14,11,1,1,1853.558,292.892,1879.923,318.039,1806.976,281.493,1905.137,493.419
0,12,1,1,183.863,864.773,226.369,907.553,146.007,836.453,292.205,1193.608
1,12,1,1,240.322,327.620,264.083,352.261,216.744,315.705,307.616,523.953
2,12,1,1,355.634,222.707,375.591,243.947,335.216,212.436,410.307,393.643
3,12,1,1,773.052,214.884,792.635,236.132,753.184,204.275,818.526,387.227
4,12,1,1,854.761,228.520,874.932,250.310,834.525,217.649,900.197,405.154
5,12,1,1,850.403,437.006,877.001,466.072,825.387,422.739,909.001,666.661
6,12,1,1,747.278,955.650,788.801,1000.564,711.460,927.026,840.042,1294.476
7,12,1,1,1667.221,664.718,1701.757,701.249,1619.006,644.603,1733.616,947.922
9,12,1,1,1860.084,177.431,1883.063,199.249,1815.877,167.962,1905.562,352.977
10,12,1,1,1674.824,108.695,1692.929,127.708,1644.383,100.197,1711.607,261.388
11,12,1,1,1497.232,25.997,1511.937,42.091,1475.995,18.537,1527.697,154.789
12,12,1,1,1425.367,-5.753,1438.953,9.235,1406.829,-12.844,1453.768,114.057
13,12,1,1,935.146,75.595,950.717,92.428,918.578,67.209,970.409,212.182
14,12,1,1,1854.018,292.831,1880.394,317.979,1807.402,281.434,1905.614,493.363
0,13,1,1,175.744,868.863,218.621,911.841,137.653,840.210,284.652,1199.247
1,13,1,1,235.154,330.793,259.057,355.538,211.460,318.826,302.955,527.893
2,13,1,1,359.199,222.702,379.140,243.942,338.795,212.426,413.737,393.641
3,13,1,1,776.219,212.212,795.727,233.370,756.413,201.645,821.486,383.878
4,13,1,1,857.505,227.763,877.657,249.529,837.286,216.903,902.861,404.217
5,13,1,1,847.145,438.553,873.783,467.668,822.096,424.260,905.912,668.549
6,13,1,1,751.028,948.511,792.358,993.212,715.352,920.306,843.282,1285.601
7,13,1,1,1668.593,667.407,1703.236,704.029,1620.261,647.198,1735.177,951.293
9,13,1,1,1862.257,175.485,1885.232,197.265,1817.926,166.047,1907.720,350.727
10,13,1,1,1674.229,108.466,1692.322,127.470,1643.825,99.971,1710.990,261.087
11,13,1,1,1497.864,25.093,1512.546,41.163,1476.627,17.645,1528.289,153.686
13,13,1,1,937.514,75.008,953.070,91.824,920.961,66.631,972.721,211.453
14,13,1,1,1854.254,294.089,1880.676,319.276,1807.588,282.668,1905.932,494.913
0,14,1,1,167.350,874.222,210.670,917.454,128.985,845.151,276.900,1206.575
1,14,1,1,230.339,333.969,254.382,358.818,206.531,321.950,298.631,531.838
2,14,1,1,362.782,222.157,382.693,243.379,342.405,211.885,417.151,392.967
3,14,1,1,779.293,209.841,798.735,230.920,759.541,199.311,824.373,380.908
4,14,1,1,860.071,227.343,880.214,249.097,839.861,216.489,905.370,403.705
5,14,1,1,843.955,440.515,870.645,469.694,818.863,426.190,902.916,670.950
6,14,1,1,755.122,942.130,796.283,986.643,719.574,914.290,846.887,1277.690
7,14,1,1,1669.333,669.565,1704.057,706.260,1620.918,649.281,1736.061,953.991
9,14,1,1,1864.675,173.980,1887.664,195.736,1820.189,164.566,1910.157,349.025
10,14,1,1,1673.700,108.490,1691.789,127.493,1643.323,99.995,1710.453,261.099
11,14,1,1,1498.557,24.495,1513.224,40.549,1477.310,17.054,1528.957,152.961
13,14,1,1,939.617,74.053,955.145,90.841,923.086,65.691,974.748,210.258
14,14,1,1,1854.391,295.967,1880.875,321.213,1807.666,284.511,1906.181,497.218
0,15,1,1,159.103,880.646,202.920,924.178,120.433,851.084,269.337,1215.323
1,15,1,1,224.837,337.126,249.027,362.078,200.908,325.055,293.661,535.760
2,15,1,1,366.121,220.710,385.976,241.885,345.790,210.457,420.268,391.169
3,15,1,1,782.622,208.181,802.020,229.205,762.908,197.676,827.559,378.838
4,15,1,1,862.525,226.790,882.656,248.526,842.329,215.944,907.761,403.024
5,15,1,1,840.614,443.199,867.378,472.467,815.463,428.828,899.817,674.243
6,15,1,1,759.259,936.586,800.276,980.936,723.822,909.057,850.572,1270.832
7,15,1,1,1669.488,671.905,1704.292,708.677,1621.003,651.543,1736.355,956.903
9,15,1,1,1867.138,172.600,1890.147,194.336,1822.490,163.208,1912.649,347.480
10,15,1,1,1673.111,108.404,1691.192,127.402,1642.766,99.910,1709.849,260.974
11,15,1,1,1499.353,24.358,1514.019,40.411,1478.084,16.920,1529.752,152.810
13,15,1,1,941.627,72.757,957.118,89.506,925.128,64.415,976.663,208.631
14,15,1,1,1854.881,298.697,1881.463,324.028,1808.048,287.189,1906.846,500.579
0,16,1,1,150.358,888.197,194.751,932.086,111.342,858.054,261.347,1225.621
1,16,1,1,219.336,339.707,243.659,364.744,195.300,327.594,288.656,538.972
2,16,1,1,369.488,218.626,389.270,239.734,349.220,208.402,423.370,388.578
3,16,1,1,786.218,206.949,805.587,227.934,766.531,196.462,831.037,377.312
4,16,1,1,865.043,226.211,885.161,247.929,844.860,215.374,910.214,402.310
5,16,1,1,837.019,446.462,863.873,475.838,811.795,432.035,896.507,678.246
6,16,1,1,763.320,931.850,804.214,976.062,727.977,904.582,854.221,1264.986
7,16,1,1,1669.338,675.099,1704.246,711.978,1620.768,654.633,1736.387,960.872
9,16,1,1,1869.486,172.366,1892.548,194.112,1824.656,162.978,1915.084,347.319
10,16,1,1,1672.263,108.356,1690.336,127.349,1641.964,99.862,1708.984,260.886
11,16,1,1,1499.859,24.221,1514.523,40.271,1478.576,16.785,1530.256,152.651
13,16,1,1,943.662,71.544,959.117,88.257,927.192,63.221,978.608,207.110
14,16,1,1,1855.163,301.892,1881.853,327.321,1808.226,290.323,1907.322,504.502
15,16,1,1,1805.437,620.251,1841.275,655.688,1753.232,600.856,1874.238,896.274
0,17,1,1,141.466,896.014,186.470,940.282,102.089,865.255,253.223,1236.339
1,17,1,1,213.969,341.637,238.406,366.738,189.842,329.495,283.734,541.379
2,17,1,1,372.668,216.364,392.372,237.398,352.465,206.172,426.281,385.764
3,17,1,1,789.831,206.613,809.197,227.589,770.149,196.130,834.590,376.918
4,17,1,1,867.389,225.344,887.483,247.034,847.226,214.521,912.478,401.230
5,17,1,1,833.156,450.561,860.126,480.073,807.842,436.063,892.989,683.279
6,17,1,1,767.668,927.972,808.465,972.072,732.403,900.916,858.188,1260.204
7,17,1,1,1669.184,679.245,1704.227,716.261,1620.504,658.641,1736.469,966.026
9,17,1,1,1871.813,172.318,1894.934,194.079,1826.798,162.932,1917.508,347.383
10,17,1,1,1671.697,107.915,1689.752,126.894,1641.438,99.428,1708.385,260.327
11,17,1,1,1500.249,24.131,1514.912,40.180,1478.956,16.696,1530.644,152.549
13,17,1,1,945.681,70.291,961.100,86.966,929.241,61.987,980.534,205.538
14,17,1,1,1855.843,305.201,1882.655,330.734,1808.769,293.569,1908.220,508.581
15,17,1,1,1805.669,620.221,1841.514,655.658,1753.454,600.826,1874.481,896.244
0,18,1,1,131.624,904.009,177.300,948.680,91.861,872.589,244.196,1247.411
1,18,1,1,208.498,343.460,233.047,368.624,184.279,331.291,278.711,543.658
2,18,1,1,376.279,214.138,395.905,235.100,356.141,203.977,429.611,382.995
3,18,1,1,793.523,206.690,812.899,227.672,773.837,196.203,838.248,377.048
4,18,1,1,869.901,223.330,889.938,244.951,849.786,212.539,914.836,398.700
5,18,1,1,829.366,454.898,856.459,484.554,803.957,440.326,889.558,688.602
6,18,1,1,771.870,924.900,812.594,968.912,736.667,898.012,862.056,1256.419
7,18,1,1,1669.134,684.674,1704.358,721.871,1620.308,663.887,1736.733,972.782
9,18,1,1,1872.182,172.492,1895.317,194.260,1827.133,163.103,1917.901,347.613
10,18,1,1,1670.994,106.549,1689.003,125.487,1640.803,98.080,1707.601,258.629
11,18,1,1,1500.299,23.688,1514.949,39.724,1479.013,16.259,1530.672,152.003
13,18,1,1,947.799,69.356,963.192,86.004,931.382,61.067,982.578,204.368
14,18,1,1,1856.310,308.139,1883.227,333.763,1809.125,296.450,1908.875,512.198
15,18,1,1,1804.845,623.390,1840.778,658.931,1752.600,603.894,1873.815,900.178
0,19,1,1,121.198,911.247,167.556,956.306,81.052,879.192,234.580,1257.584
1,19,1,1,202.995,344.564,227.639,369.766,178.702,332.380,273.611,545.048
2,19,1,1,379.808,211.638,399.349,232.518,359.742,201.512,432.846,379.884
3,19,1,1,797.432,206.981,816.826,227.977,777.736,196.488,842.135,377.450
4,19,1,1,872.475,220.906,892.440,242.445,852.417,210.154,917.229,395.652
5,19,1,1,825.658,459.200,852.871,488.998,800.154,444.554,886.206,693.879
6,19,1,1,776.619,921.876,817.272,965.802,741.476,895.152,866.448,1252.698
7,19,1,1,1668.754,690.388,1704.163,727.773,1619.787,669.406,1736.675,979.888
9,19,1,1,1872.325,172.429,1895.462,194.196,1827.266,163.041,1918.047,347.544
10,19,1,1,1670.575,105.374,1688.548,124.278,1640.433,96.922,1707.116,257.176
11,19,1,1,1500.423,22.771,1515.047,38.782,1479.153,15.354,1530.751,150.873
13,19,1,1,949.614,68.835,964.993,85.467,933.210,60.553,984.346,203.719
14,19,1,1,1855.805,311.422,1882.812,337.144,1808.573,299.669,1908.534,516.200
15,19,1,1,1802.955,628.416,1839.011,664.120,1750.690,608.762,1872.146,906.400
0,20,1,1,110.627,918.063,157.680,963.505,70.102,885.383,224.809,1267.272
1,20,1,1,197.280,345.407,222.014,370.639,172.916,333.213,268.298,546.119
2,20,1,1,383.672,209.294,403.131,230.098,363.675,199.200,436.416,376.969
3,20,1,1,801.390,207.073,820.795,228.074,781.690,196.576,846.056,377.599
4,20,1,1,875.149,218.311,895.039,239.762,855.153,207.601,919.711,392.388
5,20,1,1,822.228,463.170,849.554,493.100,796.639,448.456,883.108,698.747
6,20,1,1,781.674,918.312,822.242,962.138,746.604,891.777,871.104,1248.324
7,20,1,1,1668.169,696.327,1703.769,733.910,1619.065,675.142,1736.421,987.275
9,20,1,1,1872.303,172.539,1895.443,194.309,1827.243,163.149,1918.030,347.676
10,20,1,1,1670.291,103.507,1688.208,122.359,1640.207,95.081,1706.734,254.878
11,20,1,1,1500.481,21.534,1515.071,37.509,1479.235,14.133,1530.749,149.345
13,20,1,1,951.719,68.357,967.085,84.976,935.326,60.083,986.404,203.126
14,20,1,1,1856.251,312.773,1883.312,338.538,1808.950,300.994,1909.076,517.872
15,20,1,1,1800.824,634.018,1837.017,669.905,1748.538,614.188,1870.261,913.339
0,21,1,1,99.992,923.506,147.704,969.282,59.117,890.284,214.930,1275.188
1,21,1,1,190.969,346.004,215.796,371.260,166.533,333.806,262.413,546.894
2,21,1,1,387.168,207.521,406.563,228.269,367.224,197.451,439.671,374.766
3,21,1,1,809.446,206.543,828.851,227.533,789.753,196.051,853.993,376.996
4,21,1,1,878.167,215.612,897.978,236.972,858.235,204.945,922.527,388.994
5,21,1,1,818.782,466.006,846.184,496.028,793.133,451.244,879.923,702.213
6,21,1,1,787.296,913.876,827.755,957.576,752.315,887.569,876.254,1242.892
7,21,1,1,1667.458,701.759,1703.232,739.522,1618.236,680.386,1736.009,994.031
9,21,1,1,1871.819,172.121,1894.934,193.877,1826.809,162.738,1917.503,347.144
10,21,1,1,1670.666,101.578,1688.532,120.378,1640.608,93.179,1707.019,252.527
11,21,1,1,1501.028,19.922,1515.573,35.853,1479.798,12.542,1531.219,147.366
13,21,1,1,953.686,68.017,969.043,84.627,937.301,59.748,988.334,202.707
14,21,1,1,1856.630,313.925,1883.739,339.727,1809.271,302.123,1909.539,519.298
15,21,1,1,1794.989,644.665,1831.388,680.891,1742.742,624.503,1864.801,926.472
0,22,1,1,89.775,928.053,138.111,974.130,48.577,894.351,205.422,1281.924
1,22,1,1,185.026,347.459,209.969,372.766,160.499,335.240,256.943,548.729
2,22,1,1,390.772,206.332,410.121,227.041,370.868,196.276,443.072,373.290
3,22,1,1,813.877,205.002,833.244,225.943,794.219,194.533,858.278,375.084
4,22,1,1,881.164,213.504,900.915,234.793,861.282,202.871,925.359,386.347
5,22,1,1,815.515,468.216,842.975,498.309,789.820,453.418,876.875,704.908
6,22,1,1,793.252,908.577,833.579,952.127,758.379,882.534,881.676,1236.420
7,22,1,1,1666.674,706.062,1702.581,743.967,1617.366,684.539,1735.455,999.379
10,22,1,1,1670.984,99.699,1688.800,118.449,1640.953,91.326,1707.249,250.236
11,22,1,1,1501.582,17.973,1516.074,33.849,1480.376,10.618,1531.681,144.971
13,22,1,1,955.394,67.807,970.747,84.412,939.015,59.541,990.015,202.451
14,22,1,1,1856.824,314.427,1883.953,340.245,1809.437,302.615,1909.769,519.921
15,22,1,1,1793.867,647.976,1830.352,684.310,1741.602,627.705,1863.833,930.582
0,23,1,1,80.396,931.790,129.304,978.131,38.909,897.674,196.686,1287.553
1,23,1,1,178.885,349.665,203.972,375.047,154.246,337.411,251.348,551.496
2,23,1,1,394.575,205.495,413.887,226.177,374.703,195.447,446.691,372.255
3,23,1,1,817.948,203.078,837.263,223.955,798.334,192.638,862.183,372.683
4,23,1,1,884.263,212.022,903.974,233.261,864.417,201.412,928.332,384.492
5,23,1,1,811.782,470.113,839.289,500.265,786.051,455.285,873.353,707.211
6,23,1,1,798.973,903.098,839.162,946.494,764.212,877.322,886.860,1229.746
7,23,1,1,1666.064,709.842,1702.091,747.872,1616.681,688.186,1735.050,1004.082
10,23,1,1,1670.147,97.170,1687.884,115.847,1640.218,88.832,1706.271,247.110
11,23,1,1,1502.603,16.366,1517.053,32.199,1481.397,9.032,1532.630,143.010
13,23,1,1,957.091,67.583,972.439,84.182,940.718,59.320,991.684,202.176
14,23,1,1,1856.553,314.640,1883.681,340.463,1809.180,302.824,1909.498,520.171
15,23,1,1,1792.563,650.280,1829.092,686.687,1740.307,629.936,1862.608,933.424
0,24,1,1,71.534,935.177,120.993,981.768,29.773,900.676,188.434,1292.706
1,24,1,1,173.360,352.976,198.619,378.469,148.585,340.664,246.416,555.627
2,24,1,1,398.334,205.406,417.632,226.086,378.476,195.355,450.320,372.154
3,24,1,1,821.184,201.070,840.444,221.881,801.616,190.661,865.257,370.168
4,24,1,1,887.145,211.139,906.833,232.350,867.320,200.543,931.126,383.393
5,24,1,1,807.842,471.218,835.371,501.403,782.093,456.374,869.581,708.537
6,24,1,1,804.254,897.189,844.292,940.418,769.614,871.690,891.599,1222.564
7,24,1,1,1666.356,713.201,1702.501,751.345,1616.885,691.420,1735.546,1008.286
10,24,1,1,1670.172,96.333,1687.886,114.987,1640.261,88.006,1706.255,246.085
11,24,1,1,1503.506,15.070,1517.922,30.868,1482.298,7.752,1533.475,141.430
13,24,1,1,958.878,67.203,974.215,83.791,942.513,58.946,993.432,201.705
14,24,1,1,1856.295,314.928,1883.426,340.759,1808.935,303.106,1909.245,520.514
15,24,1,1,1790.766,652.792,1827.336,689.279,1738.535,632.371,1860.885,936.512
0,25,1,1,63.057,939.061,113.092,985.927,21.013,904.138,180.567,1298.535
1,25,1,1,167.241,356.438,192.687,382.047,142.319,344.066,240.945,559.950
2,25,1,1,402.077,205.338,421.361,226.016,382.231,195.282,453.936,372.079
3,25,1,1,824.010,198.421,843.194,219.142,804.505,188.054,867.885,366.838
4,25,1,1,890.218,210.553,909.892,231.746,870.406,199.966,934.128,382.672
5,25,1,1,803.337,471.898,830.873,502.100,777.582,457.047,865.231,709.333
6,25,1,1,808.731,890.837,848.602,933.888,774.221,865.627,895.543,1214.862
7,25,1,1,1667.470,715.674,1703.715,753.904,1617.914,693.794,1736.835,1011.407
10,25,1,1,1670.686,95.753,1688.388,114.393,1640.762,87.434,1706.749,245.392
11,25,1,1,1504.633,14.218,1519.030,29.995,1483.407,6.911,1534.570,140.404
13,25,1,1,960.315,66.050,975.618,82.604,943.978,57.811,994.787,200.257
14,25,1,1,1855.813,315.340,1882.943,341.181,1808.478,303.510,1908.764,521.000
15,25,1,1,1788.658,654.381,1825.226,690.913,1736.480,633.916,1858.777,938.431
0,26,1,1,54.627,944.280,105.323,991.491,12.258,908.827,172.787,1306.212
1,26,1,1,161.083,359.700,186.714,385.420,136.018,347.271,235.430,564.029
2,26,1,1,406.156,205.622,425.436,226.309,386.315,195.556,457.904,372.445
3,26,1,1,826.718,195.648,845.822,216.276,807.278,185.325,870.389,363.351
4,26,1,1,893.535,210.290,913.206,231.477,873.730,199.706,937.391,382.361
5,26,1,1,798.797,472.826,826.347,503.054,773.032,457.964,860.864,710.434
6,26,1,1,812.667,884.708,852.376,927.587,778.283,859.768,898.979,1207.445
7,26,1,1,1669.185,718.361,1705.547,756.685,1619.525,696.368,1738.754,1014.816
10,26,1,1,1671.033,95.627,1688.734,114.265,1641.093,87.310,1707.096,245.250
11,26,1,1,1505.274,14.143,1519.671,29.920,1484.029,6.838,1535.212,140.326
13,26,1,1,962.286,65.159,977.564,81.686,945.971,56.933,996.688,199.142
14,26,1,1,1855.314,315.923,1882.449,341.780,1808.002,304.082,1908.276,521.695
15,26,1,1,1785.795,655.919,1822.338,692.492,1733.700,635.417,1855.877,940.260
0,27,1,1,46.100,951.197,97.573,998.845,3.366,915.106,164.949,1316.226
1,27,1,1,154.333,362.706,180.153,388.529,129.122,350.225,229.351,567.799
2,27,1,1,410.446,205.538,429.712,226.223,390.620,195.467,462.052,372.354
3,27,1,1,828.896,193.297,847.931,213.845,809.511,183.011,872.396,360.392
4,27,1,1,896.912,209.946,916.577,231.123,877.115,199.367,940.707,381.947
5,27,1,1,794.209,474.413,821.793,504.688,768.420,459.527,856.493,712.344
6,27,1,1,816.356,879.434,855.926,922.165,782.080,854.722,902.224,1201.072
7,27,1,1,1670.720,721.216,1707.202,759.640,1620.957,699.104,1740.499,1018.433
10,27,1,1,1671.636,95.635,1689.343,114.276,1641.665,87.318,1707.710,245.280
11,27,1,1,1506.257,14.146,1520.657,29.926,1484.979,6.841,1536.203,140.353
13,27,1,1,964.130,64.006,979.374,80.499,947.843,55.798,998.447,197.696
14,27,1,1,1854.694,316.727,1881.837,342.605,1807.408,304.869,1907.674,522.656
15,27,1,1,1782.901,658.004,1819.439,694.636,1730.879,637.446,1852.979,942.774
0,28,1,1,37.469,959.279,89.812,1007.436,-5.681,922.414,157.045,1327.943
1,28,1,1,147.728,364.911,173.714,390.812,122.392,352.393,223.358,570.583
2,28,1,1,415.259,204.899,434.493,225.564,395.461,194.832,466.671,371.573
3,28,1,1,831.328,191.581,850.315,212.072,811.984,181.322,874.694,358.239
4,28,1,1,900.304,209.025,919.945,230.173,880.529,198.460,944.004,380.803
5,28,1,1,789.625,476.886,817.271,507.239,763.793,461.961,852.185,715.344
6,28,1,1,819.895,875.067,859.352,917.677,785.710,850.540,905.373,1195.804
7,28,1,1,1672.377,725.342,1709.025,763.911,1622.484,703.061,1742.445,1023.649
10,28,1,1,1672.613,95.379,1690.322,114.017,1642.598,87.066,1708.692,245.001
11,28,1,1,1507.391,14.163,1521.796,29.946,1486.076,6.858,1537.347,140.400
13,28,1,1,965.991,62.686,981.197,79.139,949.736,54.498,1000.213,196.038
14,28,1,1,1853.019,319.707,1880.209,345.668,1805.780,307.790,1906.092,526.243
15,28,1,1,1779.866,661.151,1816.436,697.880,1727.900,640.501,1850.003,946.617
0,29,1,1,29.034,968.287,82.319,1017.014,-14.560,930.558,149.334,1341.010
1,29,1,1,140.741,366.749,166.891,392.717,115.283,354.201,216.991,572.922
2,29,1,1,419.554,203.422,438.734,224.039,399.803,193.372,470.733,369.743
3,29,1,1,833.766,190.705,852.731,211.167,814.442,180.459,877.052,357.148
4,29,1,1,903.847,207.399,923.443,228.493,884.111,196.860,947.406,378.766
5,29,1,1,785.011,480.298,812.745,510.759,759.116,465.315,847.908,719.496
6,29,1,1,823.702,871.376,863.065,913.883,789.593,847.004,908.814,1191.356
7,29,1,1,1673.984,730.644,1710.840,769.396,1623.942,708.145,1744.410,1030.343
10,29,1,1,1673.564,95.026,1691.272,113.658,1643.507,86.717,1709.643,244.601
11,29,1,1,1508.623,14.100,1523.031,29.885,1487.269,6.796,1538.587,140.352
13,29,1,1,967.991,61.402,983.160,77.816,951.768,53.234,1002.119,194.427
14,29,1,1,1850.830,323.680,1878.085,349.752,1803.650,311.683,1904.030,531.030
15,29,1,1,1777.005,665.514,1813.655,702.381,1725.063,644.725,1847.285,951.992
0,30,1,1,20.700,977.403,74.957,1026.723,-23.346,938.745,141.703,1354.356
1,30,1,1,133.778,368.090,160.081,394.110,108.209,355.522,210.620,574.652
2,30,1,1,424.180,201.821,443.301,222.386,404.479,191.790,475.110,367.760
3,30,1,1,836.286,190.455,855.248,210.911,816.967,180.212,879.530,356.851
4,30,1,1,907.222,205.484,926.763,226.514,887.532,194.976,950.625,376.363
5,30,1,1,780.603,484.241,808.442,514.829,754.633,469.191,843.870,724.299
6,30,1,1,827.184,867.897,866.458,910.309,793.148,843.669,911.955,1187.169
7,30,1,1,1675.886,736.921,1712.989,775.892,1625.673,714.159,1746.739,1038.281
10,30,1,1,1674.449,94.254,1692.143,112.868,1644.364,85.956,1710.505,243.686
11,30,1,1,1510.020,13.588,1524.419,29.363,1488.631,6.292,1539.970,139.753
13,30,1,1,970.003,60.343,985.141,76.726,953.805,52.191,1004.050,193.101
14,30,1,1,1849.517,327.193,1876.846,353.366,1802.342,315.125,1902.857,535.288
15,30,1,1,1773.680,670.706,1810.429,707.738,1721.762,649.751,1844.135,958.393
0,31,1,1,13.070,986.265,68.277,1036.171,-31.412,946.675,134.709,1367.405
1,31,1,1,126.971,368.906,153.411,394.962,101.304,356.328,204.365,575.738
2,31,1,1,427.862,199.237,446.898,219.719,408.232,189.243,478.505,364.546
3,31,1,1,838.642,190.562,857.611,211.024,819.319,180.317,881.868,357.005
4,31,1,1,910.274,203.109,929.746,224.058,890.641,192.639,953.498,373.374
5,31,1,1,775.986,488.780,803.948,519.515,749.931,473.652,839.670,729.830
6,31,1,1,830.260,864.074,869.434,906.379,796.303,840.000,914.689,1182.570
7,31,1,1,1677.934,743.498,1715.299,782.699,1627.550,720.454,1749.238,1046.614
10,31,1,1,1675.667,92.614,1693.326,111.188,1645.556,84.338,1711.663,241.721
11,31,1,1,1511.515,12.790,1525.897,28.546,1490.093,5.504,1541.438,138.804
13,31,1,1,972.116,59.405,987.227,75.760,955.941,51.267,1006.089,191.927
15,31,1,1,1769.972,676.161,1806.819,713.366,1718.085,655.031,1840.602,965.114
0,32,1,1,5.630,994.252,61.752,1044.713,-39.266,953.798,127.861,1379.299
1,32,1,1,120.696,369.882,147.273,395.978,94.932,357.289,198.623,577.018
2,32,1,1,431.374,196.647,450.326,217.045,411.814,186.690,481.737,361.323
3,32,1,1,841.378,190.582,860.353,211.046,822.053,180.335,884.577,357.050
4,32,1,1,912.727,200.565,932.124,221.428,893.155,190.136,955.769,370.168
5,32,1,1,771.339,492.856,799.408,523.721,745.210,477.657,835.412,734.786
6,32,1,1,833.100,859.190,872.143,901.359,799.244,835.308,917.140,1176.700
7,32,1,1,1680.547,749.947,1718.181,789.378,1629.991,726.615,1752.314,1054.821
10,32,1,1,1676.447,90.780,1694.061,109.307,1646.337,82.529,1712.366,239.503
11,32,1,1,1512.962,11.648,1527.317,27.376,1491.516,4.377,1542.841,137.430
13,32,1,1,974.052,58.778,989.146,75.115,957.893,50.650,1007.971,191.146
15,32,1,1,1765.839,680.613,1802.738,717.955,1714.016,659.347,1836.563,970.561
0,33,1,1,-1.809,1001.277,55.195,1052.253,-46.780,959.917,121.273,1389.684
1,33,1,1,114.360,372.026,141.115,398.201,88.466,359.396,192.916,579.744
2,33,1,1,434.415,194.158,453.287,214.475,414.921,184.236,484.520,358.223
3,33,1,1,843.964,190.467,862.940,210.930,824.641,180.221,887.129,356.924
4,33,1,1,915.236,198.771,934.580,219.574,895.707,188.371,958.140,367.911
5,33,1,1,766.419,496.236,794.573,527.207,740.235,480.979,830.846,738.882
6,33,1,1,835.979,853.403,874.865,895.410,802.242,829.744,919.578,1169.751
7,33,1,1,1683.529,755.353,1721.405,794.981,1632.819,731.768,1755.711,1061.744
10,33,1,1,1676.925,88.745,1694.486,107.218,1646.836,80.522,1712.751,237.030
11,33,1,1,1514.619,10.021,1528.935,25.707,1493.152,2.771,1544.432,135.463
13,33,1,1,975.822,58.313,990.903,74.637,959.674,50.192,1009.698,190.568
15,33,1,1,1761.189,684.829,1798.121,722.299,1709.450,663.439,1831.971,975.697
0,34,1,1,-9.071,1007.223,46.918,1057.797,-55.286,964.742,113.725,1398.224
1,34,1,1,108.749,374.946,135.697,401.222,82.714,362.261,187.942,583.418
2,34,1,1,437.625,192.173,456.431,212.426,418.186,182.279,487.502,355.755
3,34,1,1,846.556,189.540,865.508,209.972,827.254,179.308,889.636,355.769
4,34,1,1,917.563,197.904,936.883,218.679,898.055,187.518,960.387,366.827
5,34,1,1,761.424,498.581,789.632,529.623,735.202,483.270,826.151,741.720
6,34,1,1,838.909,847.323,877.631,889.160,805.298,823.892,922.050,1162.458
7,34,1,1,1686.747,759.675,1724.832,799.463,1635.902,735.876,1759.289,1067.318
10,34,1,1,1677.036,86.483,1694.534,104.895,1646.993,78.291,1712.752,234.266
11,34,1,1,1515.967,8.198,1530.236,23.836,1494.493,0.971,1545.701,133.247
13,34,1,1,978.388,58.085,993.465,74.404,962.246,49.968,1012.228,190.293
15,34,1,1,1756.364,687.733,1793.277,725.284,1704.735,666.267,1827.116,979.177
0,35,1,1,-17.651,1011.592,38.960,1062.472,-64.258,968.470,105.713,1405.135
1,35,1,1,103.038,378.248,130.196,404.640,76.849,365.501,182.909,587.568
2,35,1,1,440.576,190.571,459.329,210.772,421.182,180.698,490.260,353.763
3,35,1,1,849.169,187.762,868.071,208.135,829.909,177.558,892.110,353.538
4,35,1,1,919.963,197.309,939.268,218.064,900.470,186.931,962.724,366.087
5,35,1,1,756.439,500.850,784.699,531.961,730.191,485.500,821.455,744.449
6,35,1,1,842.197,841.233,880.755,882.900,808.713,818.025,924.862,1155.162
7,35,1,1,1689.805,763.839,1728.093,803.782,1638.836,739.831,1762.696,1072.698
10,35,1,1,1677.069,84.802,1694.520,103.167,1647.063,76.632,1712.702,232.209
11,35,1,1,1517.128,6.349,1531.349,21.938,1495.653,-0.855,1546.780,130.997
13,35,1,1,980.484,57.961,995.559,74.277,964.346,49.845,1014.298,190.146
15,35,1,1,1751.614,690.652,1788.516,728.286,1700.091,669.111,1822.345,982.681
0,36,1,1,-27.170,1015.833,30.111,1067.027,-74.199,972.054,96.825,1411.969
1,36,1,1,97.347,381.939,124.731,408.459,70.992,369.121,177.929,592.200
2,36,1,1,443.473,189.448,462.187,209.613,424.112,179.589,492.998,352.371
3,36,1,1,851.712,185.968,870.563,206.281,832.495,175.792,894.515,351.285
4,36,1,1,922.279,197.079,941.580,217.828,902.792,186.705,965.000,365.809
5,36,1,1,751.618,503.081,779.927,534.259,725.344,487.691,816.917,747.131
6,36,1,1,845.744,835.315,884.142,876.818,812.383,812.320,927.931,1148.080
7,36,1,1,1692.030,767.140,1730.478,807.208,1640.971,742.966,1765.194,1076.964
10,36,1,1,1676.886,83.281,1694.292,101.604,1646.924,75.131,1712.439,230.342
11,36,1,1,1518.613,4.738,1532.794,20.285,1497.121,-2.446,1548.198,129.047
13,36,1,1,982.862,58.046,997.941,74.366,966.722,49.929,1016.660,190.265
15,36,1,1,1747.642,693.129,1784.545,730.833,1696.209,671.522,1818.363,985.656
1,37,1,1,91.092,385.632,118.716,412.281,64.563,372.741,172.435,596.844
2,37,1,1,446.477,189.092,465.174,209.246,427.131,179.235,495.894,351.938
3,37,1,1,854.512,183.891,873.304,204.135,835.344,173.748,897.156,348.675
4,37,1,1,924.542,196.694,943.834,217.431,905.065,186.326,967.213,365.334
5,37,1,1,747.162,504.996,775.513,536.231,720.594,489.543,812.443,749.388
6,37,1,1,849.304,830.166,887.565,871.525,816.051,807.352,931.054,1141.924
7,37,1,1,1693.365,770.334,1731.953,810.518,1642.238,746.004,1766.767,1081.064
10,37,1,1,1676.722,82.536,1694.106,100.838,1646.786,74.396,1712.236,229.425
11,37,1,1,1519.886,3.622,1534.041,19.142,1498.375,-3.547,1549.428,127.705
13,37,1,1,985.901,58.186,1000.987,74.514,969.758,50.068,1019.680,190.457
15,37,1,1,1744.457,695.198,1781.364,732.961,1693.091,673.536,1815.176,988.146
1,38,1,1,84.783,388.230,112.617,414.974,58.105,375.289,166.821,600.144
2,38,1,1,449.640,188.962,468.327,209.112,430.305,179.102,498.960,351.789
3,38,1,1,857.579,181.731,876.309,201.903,838.461,171.621,900.057,345.962
4,38,1,1,926.805,196.277,946.087,217.001,907.338,185.915,969.425,364.819
5,38,1,1,742.940,506.739,771.327,538.026,716.333,491.257,808.435,751.478
6,38,1,1,852.749,826.310,890.909,867.563,819.577,803.630,934.137,1137.320
7,38,1,1,1694.159,774.022,1732.895,814.339,1642.971,749.518,1767.813,1085.774
10,38,1,1,1676.656,82.161,1694.028,100.453,1646.731,74.027,1712.149,228.964
11,38,1,1,1520.954,2.747,1535.088,18.245,1499.424,-4.411,1550.462,126.653
13,38,1,1,988.455,57.840,1003.533,74.158,972.321,49.726,1022.191,190.032
15,38,1,1,1741.747,697.702,1778.686,735.542,1690.425,675.965,1812.512,991.200
1,39,1,1,78.456,390.328,106.490,417.153,51.640,377.347,161.162,602.833
2,39,1,1,452.549,189.036,471.232,209.190,433.218,179.172,501.793,351.895
3,39,1,1,860.722,179.669,879.394,199.772,841.653,169.591,903.039,343.373
4,39,1,1,928.879,195.617,948.143,216.320,909.429,185.266,971.435,363.995
5,39,1,1,739.005,508.612,767.434,539.954,712.357,493.098,804.717,753.730
6,39,1,1,856.301,823.072,894.377,864.236,823.198,800.502,937.356,1133.458
7,39,1,1,1695.058,778.388,1733.970,818.862,1643.797,753.675,1769.015,1091.354
10,39,1,1,1676.381,82.198,1693.752,100.489,1646.470,74.063,1711.871,228.999
11,39,1,1,1522.178,2.422,1536.308,17.914,1500.613,-4.732,1551.681,126.284
13,39,1,1,990.837,57.276,1005.900,73.579,974.717,49.171,1024.519,189.333
15,39,1,1,1738.926,701.155,1775.928,739.103,1687.631,679.306,1809.791,995.443
1,40,1,1,71.627,392.180,99.867,419.079,44.671,379.164,155.034,605.231
2,40,1,1,455.421,189.040,474.098,209.194,436.096,179.172,504.587,351.913
3,40,1,1,863.954,178.211,882.586,198.266,844.919,168.156,906.147,341.549
4,40,1,1,931.000,193.959,950.215,214.606,911.590,183.635,973.432,361.907
5,40,1,1,735.228,511.042,763.717,542.460,708.528,495.487,801.192,756.667
6,40,1,1,860.055,820.668,898.073,861.767,827.005,798.180,940.815,1130.596
7,40,1,1,1695.824,784.101,1734.961,824.780,1644.484,759.114,1770.164,1098.650
10,40,1,1,1676.011,82.224,1693.379,100.514,1646.119,74.088,1711.496,229.017
11,40,1,1,1523.126,2.612,1537.265,18.112,1501.525,-4.544,1552.647,126.542
13,40,1,1,992.593,56.653,1007.638,72.938,976.488,48.558,1026.222,188.555
15,40,1,1,1735.924,705.876,1773.031,743.977,1684.637,683.869,1806.961,1001.277
1,41,1,1,64.481,393.408,92.920,420.362,37.395,380.370,148.581,606.870
2,41,1,1,458.361,188.189,477.008,208.316,439.062,178.330,507.390,350.862
3,41,1,1,867.335,177.420,885.948,197.450,848.318,167.376,909.444,340.570
4,41,1,1,933.547,191.819,952.699,212.394,914.188,181.529,975.821,359.211
5,41,1,1,731.421,514.220,759.990,545.737,704.651,498.610,797.689,760.519
6,41,1,1,864.248,818.144,902.204,859.174,831.254,795.741,944.686,1127.593
7,41,1,1,1696.568,790.500,1735.955,831.410,1645.150,765.202,1771.335,1106.832
10,41,1,1,1675.630,82.267,1692.996,100.557,1645.757,74.131,1711.110,229.056
11,41,1,1,1525.351,2.219,1539.488,17.715,1503.682,-4.931,1554.873,126.116
13,41,1,1,994.431,55.835,1009.453,72.096,978.347,47.752,1027.995,187.532
15,41,1,1,1733.012,711.590,1770.263,749.877,1681.713,689.382,1804.288,1008.364
1,42,1,1,57.767,393.933,86.376,420.920,30.573,380.887,142.483,607.641
2,42,1,1,461.014,186.678,479.611,206.756,441.756,176.840,509.869,348.983
3,42,1,1,870.852,177.097,889.462,197.119,851.843,167.058,912.906,340.185
4,42,1,1,936.308,189.660,955.396,210.163,917.001,179.405,978.421,356.492
5,42,1,1,727.481,518.183,756.154,549.826,700.624,502.505,794.111,765.330
6,42,1,1,868.803,815.175,906.685,856.124,835.874,792.870,948.879,1124.060
7,42,1,1,1696.932,797.656,1736.592,838.824,1645.447,772.007,1772.160,1115.981
10,42,1,1,1674.955,82.318,1692.316,100.606,1645.116,74.181,1710.425,229.094
11,42,1,1,1526.362,1.743,1540.490,17.229,1504.668,-5.401,1555.870,125.556
13,42,1,1,996.184,54.803,1011.176,71.033,980.125,46.736,1029.671,186.238
15,42,1,1,1730.215,717.658,1767.625,756.144,1678.895,695.233,1801.756,1015.904
1,43,1,1,50.405,394.707,79.213,421.738,23.086,381.648,135.820,608.737
2,43,1,1,464.028,184.788,482.565,204.805,444.822,174.976,512.676,346.632
3,43,1,1,874.276,177.380,892.899,197.414,855.259,167.335,916.312,340.566
4,43,1,1,939.172,187.364,958.192,207.789,919.921,177.146,981.115,353.598
5,43,1,1,723.337,522.632,752.129,554.415,696.384,506.877,790.369,770.730
6,43,1,1,873.991,811.064,911.768,851.901,841.152,788.894,953.615,1119.168
7,43,1,1,1696.906,804.739,1736.830,846.161,1645.372,778.738,1772.577,1125.036
10,43,1,1,1674.220,81.785,1691.560,100.056,1644.432,73.655,1709.651,228.416
11,43,1,1,1527.500,0.618,1541.600,16.076,1505.789,-6.512,1556.962,124.201
13,43,1,1,997.821,53.861,1012.785,70.063,981.785,45.808,1031.238,185.058
15,43,1,1,1727.740,723.229,1765.298,761.899,1676.398,700.600,1799.528,1022.835
1,44,1,1,43.669,396.132,72.688,423.227,16.215,383.046,129.785,610.627
2,44,1,1,466.976,182.807,485.449,202.760,447.822,173.022,515.412,344.166
3,44,1,1,878.047,177.898,896.692,197.953,859.017,167.844,920.076,341.247
4,44,1,1,942.163,185.778,961.137,206.151,922.950,175.586,983.976,351.606
5,44,1,1,719.193,527.614,748.118,559.555,692.131,511.772,786.664,776.781
6,44,1,1,879.254,806.177,916.903,846.878,846.521,784.162,958.381,1113.352
7,44,1,1,1696.729,810.861,1736.879,852.504,1645.164,784.552,1772.778,1132.871
10,44,1,1,1673.730,80.457,1691.028,98.689,1643.998,72.345,1709.086,226.773
11,44,1,1,1529.169,-0.468,1543.246,14.965,1507.423,-7.584,1558.594,122.909
13,44,1,1,999.203,52.977,1014.141,69.153,983.188,44.938,1032.555,183.950
15,44,1,1,1725.617,728.198,1763.311,767.033,1674.256,705.386,1797.630,1029.024
1,45,1,1,36.882,398.644,66.154,425.838,9.261,385.506,123.789,613.861
2,45,1,1,469.846,180.309,488.241,200.181,450.757,170.560,518.039,341.053
3,45,1,1,881.889,178.217,900.550,198.286,862.851,168.157,923.898,341.676
4,45,1,1,945.167,184.736,964.112,205.075,925.980,174.560,986.884,350.301
5,45,1,1,715.083,532.102,744.126,564.184,687.924,516.181,782.959,782.222
6,45,1,1,884.100,800.918,921.610,841.474,851.480,779.068,962.730,1107.093
7,45,1,1,1696.391,815.940,1736.726,857.766,1644.810,789.372,1772.748,1139.372
10,45,1,1,1673.357,78.735,1690.602,96.918,1643.683,70.645,1708.621,224.652
11,45,1,1,1530.501,-2.057,1544.539,13.334,1508.742,-9.157,1559.860,120.989
13,45,1,1,1000.717,52.049,1015.628,68.197,984.725,44.024,1034.000,182.786
15,45,1,1,1723.677,731.740,1761.459,770.691,1672.315,708.799,1795.834,1033.421
1,46,1,1,30.437,402.059,59.988,429.380,2.629,388.849,118.176,618.202
2,46,1,1,473.027,178.177,491.354,197.980,453.995,168.458,520.994,338.398
3,46,1,1,886.133,178.396,904.805,198.474,867.090,168.332,928.109,341.930
4,46,1,1,948.232,184.220,967.165,204.542,929.059,174.052,989.883,349.662
5,46,1,1,711.021,535.884,740.161,568.084,683.780,519.896,779.254,786.799
6,46,1,1,888.353,795.163,925.706,835.558,855.856,773.489,966.484,1100.242
7,46,1,1,1696.629,820.089,1737.127,862.068,1645.029,793.301,1773.258,1144.716
10,46,1,1,1673.150,77.066,1690.346,95.203,1643.524,68.999,1708.327,222.603
11,46,1,1,1531.750,-3.686,1545.746,11.662,1509.980,-10.768,1561.040,119.019
13,46,1,1,1002.404,51.606,1017.302,67.742,986.423,43.588,1035.646,182.236
15,46,1,1,1721.718,734.934,1759.575,773.989,1670.361,711.877,1793.996,1037.380
16,46,1,1,1114.340,1.975,1127.807,16.686,1099.591,-5.319,1143.611,120.364
1,47,1,1,23.477,405.895,53.341,433.360,-4.535,392.610,112.127,623.071
2,47,1,1,475.900,176.023,494.160,195.756,456.925,166.334,523.649,335.715
3,47,1,1,890.315,177.618,908.970,197.673,871.290,167.566,932.200,340.972
4,47,1,1,951.348,183.794,970.271,204.105,932.186,173.633,992.938,349.139
5,47,1,1,707.098,538.591,736.303,570.873,679.798,522.555,775.612,790.060
6,47,1,1,891.998,789.298,929.191,829.528,859.626,767.800,969.654,1093.260
7,47,1,1,1697.995,823.300,1738.643,865.404,1646.360,796.326,1774.882,1148.917
10,47,1,1,1673.256,74.933,1690.393,93.011,1643.673,66.893,1708.329,219.997
11,47,1,1,1533.251,-5.398,1547.205,9.907,1511.463,-12.461,1562.471,116.956
13,47,1,1,1003.993,51.110,1018.878,67.232,988.025,43.099,1037.191,181.618
15,47,1,1,1719.395,737.534,1757.300,776.670,1668.063,714.389,1791.745,1040.575
16,47,1,1,1112.595,1.959,1126.060,16.667,1097.846,-5.336,1141.882,120.333
1,48,1,1,16.574,409.376,46.744,436.973,-11.644,396.008,106.125,627.520
2,48,1,1,479.159,174.453,497.367,194.136,460.226,164.785,526.720,333.765
3,48,1,1,894.741,176.086,913.355,196.091,875.753,166.057,936.486,339.059
4,48,1,1,954.704,183.276,973.615,203.570,935.556,173.123,996.225,348.499
5,48,1,1,702.746,541.016,732.007,573.370,675.395,524.937,771.532,792.969
6,48,1,1,895.384,783.975,932.431,824.055,863.126,762.633,972.605,1086.925
7,48,1,1,1700.376,825.866,1741.173,868.077,1648.692,798.726,1777.522,1152.345
10,48,1,1,1673.454,73.215,1690.543,91.247,1643.899,65.198,1708.444,217.903
13,48,1,1,1005.145,50.709,1020.019,66.819,989.187,42.704,1038.309,181.117
15,48,1,1,1716.400,739.104,1754.301,778.284,1665.127,715.919,1788.731,1042.446
16,48,1,1,1110.642,1.954,1124.107,16.660,1095.892,-5.341,1139.950,120.315
1,49,1,1,8.883,412.659,39.383,440.387,-19.546,399.219,99.401,631.743
2,49,1,1,482.336,173.484,500.510,193.135,463.432,163.827,529.752,332.566
3,49,1,1,898.373,173.668,916.917,193.592,879.443,163.677,939.931,336.018
4,49,1,1,958.073,182.633,976.967,202.908,938.942,172.490,999.516,347.702
5,49,1,1,698.063,542.637,727.353,575.035,670.678,526.529,767.072,794.891
6,49,1,1,898.524,779.361,935.445,819.311,866.365,758.152,975.360,1081.436
7,49,1,1,1702.815,828.575,1743.768,870.899,1651.083,801.259,1780.234,1155.966
10,49,1,1,1673.771,71.915,1690.827,89.913,1644.229,63.915,1708.703,216.325
13,49,1,1,1005.385,50.390,1020.249,66.491,989.434,42.390,1038.528,180.717
15,49,1,1,1713.459,740.699,1751.359,779.924,1662.243,717.473,1785.776,1044.350
16,49,1,1,1108.710,2.011,1122.174,16.717,1093.957,-5.285,1138.040,120.374
1,50,1,1,1.050,415.034,31.859,442.865,-27.572,401.542,92.495,634.858
2,50,1,1,485.425,172.726,503.572,192.353,466.544,163.077,532.713,331.631
3,50,1,1,901.738,171.222,920.211,191.065,882.866,161.270,943.112,332.941
4,50,1,1,961.498,181.759,980.369,202.006,942.390,171.630,1002.850,346.611
5,50,1,1,693.128,543.609,722.426,576.031,665.722,527.484,762.322,796.017
6,50,1,1,901.813,775.722,938.636,815.570,869.733,754.616,978.310,1077.111
7,50,1,1,1705.270,832.657,1746.435,875.146,1653.494,805.087,1783.053,1161.370
10,50,1,1,1673.851,71.279,1690.890,89.260,1644.319,63.287,1708.753,215.550
13,50,1,1,1005.472,50.051,1020.326,66.141,989.530,42.056,1038.594,180.289
15,50,1,1,1710.494,743.656,1748.442,782.972,1659.312,720.331,1782.881,1047.973
16,50,1,1,1106.802,2.623,1120.284,17.345,1092.034,-4.682,1136.187,121.131
1,51,1,1,-6.897,416.947,24.218,444.868,-35.705,403.412,85.467,637.413
2,51,1,1,488.412,172.726,506.555,192.354,469.536,163.073,535.627,331.647
3,51,1,1,904.590,168.324,922.978,188.074,885.788,158.420,945.758,329.290
4,51,1,1,965.014,179.969,983.832,200.156,945.949,169.869,1006.219,344.360
5,51,1,1,687.932,544.677,717.241,577.125,660.505,528.533,757.324,797.256
6,51,1,1,905.028,772.697,941.769,812.461,873.014,751.677,981.223,1073.519
7,51,1,1,1707.246,837.780,1748.655,880.471,1655.442,809.899,1785.442,1168.108
10,51,1,1,1674.245,70.903,1691.277,88.875,1644.701,62.916,1709.135,215.104
13,51,1,1,1005.586,49.895,1020.435,65.980,989.647,41.902,1038.698,180.093
15,51,1,1,1707.338,747.966,1745.381,787.420,1656.175,724.486,1779.873,1053.299
16,51,1,1,1104.866,3.507,1118.373,18.254,1090.076,-3.810,1134.322,122.229
1,52,1,1,-14.025,418.377,17.361,446.372,-42.995,404.810,79.153,639.360
2,52,1,1,491.916,172.879,510.058,192.513,473.042,163.219,539.056,331.857
3,52,1,1,905.909,161.465,924.087,180.989,887.271,151.674,946.645,320.614
4,52,1,1,968.156,177.946,986.914,198.066,949.141,167.879,1009.205,341.812
5,52,1,1,682.772,546.476,712.113,578.973,655.307,530.300,752.412,799.388
6,52,1,1,908.128,769.795,944.792,809.476,876.179,748.854,984.033,1070.071
7,52,1,1,1709.330,844.265,1751.041,887.214,1657.508,815.968,1788.035,1176.662
10,52,1,1,1674.439,70.985,1691.475,88.960,1644.883,62.997,1709.337,215.212
13,52,1,1,1005.607,49.740,1020.451,65.820,989.672,41.749,1038.710,179.897
15,52,1,1,1706.698,756.856,1745.050,796.619,1655.423,732.999,1779.758,1064.519
16,52,1,1,1102.964,4.870,1116.512,19.656,1088.141,-2.466,1132.518,123.929
2,53,1,1,495.399,172.882,513.536,192.517,476.531,163.218,542.455,331.879
3,53,1,1,908.578,159.441,926.696,178.900,889.989,149.683,949.163,318.067
4,53,1,1,971.098,175.447,989.782,195.483,952.144,165.420,1011.966,338.660
5,53,1,1,677.809,548.943,707.203,581.511,650.292,532.722,747.740,802.337
6,53,1,1,911.049,766.323,947.617,805.907,879.175,745.478,986.641,1065.945
7,53,1,1,1711.820,851.403,1753.873,894.638,1659.990,822.625,1791.098,1186.124
10,53,1,1,1675.069,71.158,1692.116,89.141,1645.477,63.168,1709.987,215.447
13,53,1,1,1005.654,49.302,1020.485,65.369,989.730,41.318,1038.730,179.346
15,53,1,1,1703.374,762.980,1741.885,802.945,1652.101,738.884,1776.688,1072.144
16,53,1,1,1100.927,6.296,1114.516,21.124,1086.069,-1.060,1130.584,125.708
2,54,1,1,499.266,172.814,517.396,192.448,480.406,163.146,546.225,331.815
3,54,1,1,911.220,158.467,929.312,177.896,892.654,148.725,951.719,316.850
4,54,1,1,973.606,173.040,992.217,192.994,954.710,163.051,1014.303,335.622
5,54,1,1,673.040,552.690,702.525,585.372,645.441,536.400,743.349,806.850
6,54,1,1,913.650,761.774,950.092,801.228,881.874,741.052,988.887,1060.533
7,54,1,1,1714.993,858.636,1757.411,902.169,1663.161,829.347,1794.886,1195.789
10,54,1,1,1675.799,71.197,1692.853,89.183,1646.167,63.206,1710.732,215.521
13,54,1,1,1005.649,49.161,1020.475,65.223,989.728,41.179,1038.717,179.167
15,54,1,1,1699.477,768.702,1738.121,808.852,1648.227,744.387,1772.999,1079.241
16,54,1,1,1098.696,7.550,1112.322,22.414,1083.808,0.177,1128.448,127.270
2,55,1,1,502.991,171.960,521.090,191.567,484.156,162.301,549.805,330.765
3,55,1,1,913.861,157.930,931.940,177.344,895.308,148.197,954.301,316.186
4,55,1,1,975.838,171.361,994.399,191.261,956.983,161.401,1016.410,333.507
5,55,1,1,668.190,557.216,697.789,590.036,640.482,540.843,738.947,812.311
6,55,1,1,916.095,756.443,952.387,795.745,884.432,735.864,990.943,1054.188
7,55,1,1,1718.379,865.248,1761.149,909.061,1666.555,835.472,1798.863,1204.692
10,55,1,1,1676.595,70.820,1693.646,88.800,1646.930,62.834,1711.523,215.090
13,55,1,1,1005.664,49.113,1020.490,65.174,989.745,41.132,1038.730,179.107
15,55,1,1,1695.085,773.817,1733.831,814.130,1643.877,749.313,1768.760,1085.551
16,55,1,1,1096.275,8.528,1109.929,23.420,1081.362,1.141,1126.108,128.485
2,56,1,1,506.983,170.502,525.035,190.063,488.189,160.861,553.607,328.960
3,56,1,1,916.569,158.262,934.662,177.689,898.009,148.523,957.002,316.621
4,56,1,1,977.998,170.603,996.537,190.480,959.162,160.656,1018.501,332.557
5,56,1,1,663.177,562.206,692.903,595.180,635.349,545.741,734.421,818.334
6,56,1,1,918.776,751.186,954.920,790.336,887.225,730.744,993.229,1047.931
7,56,1,1,1722.210,870.583,1765.297,914.633,1670.389,840.386,1803.227,1211.974
10,56,1,1,1677.674,69.996,1694.711,87.958,1647.970,62.021,1712.581,214.123
13,56,1,1,1028.931,44.660,1043.638,60.602,1013.126,36.748,1061.521,173.606
15,56,1,1,1690.510,777.713,1729.313,818.145,1639.353,753.076,1764.268,1090.308
16,56,1,1,1093.782,8.970,1107.448,23.872,1078.858,1.576,1123.666,129.025
2,57,1,1,510.675,168.361,528.660,187.853,491.938,158.749,557.071,326.296
3,57,1,1,919.318,158.461,937.420,177.896,900.753,148.718,959.734,316.889
4,57,1,1,980.008,170.076,998.533,189.937,961.186,160.137,1020.457,331.899
5,57,1,1,657.803,567.217,687.655,600.344,629.854,550.658,729.546,824.374
6,57,1,1,921.609,745.784,957.601,784.779,890.174,725.482,995.654,1041.501
10,57,1,1,1678.747,68.362,1695.748,86.284,1649.023,60.409,1713.592,212.166
13,57,1,1,1031.129,43.592,1045.805,59.503,1015.350,35.696,1063.636,172.271
15,57,1,1,1686.197,781.238,1725.049,821.778,1635.084,756.481,1760.030,1094.606
16,57,1,1,1091.395,9.087,1105.063,23.991,1076.467,1.691,1121.309,129.159
2,58,1,1,513.399,165.985,531.310,185.402,494.722,156.408,559.574,323.333
3,58,1,1,922.092,158.737,940.206,178.183,903.520,148.989,962.496,317.254
4,58,1,1,982.372,169.977,1000.897,189.836,963.554,160.040,1022.788,331.784
5,58,1,1,651.981,571.764,681.943,605.026,623.920,555.118,724.204,829.839
6,58,1,1,924.741,740.472,960.585,779.315,893.421,720.305,998.371,1035.180
10,58,1,1,1679.552,66.623,1696.512,84.501,1649.825,58.692,1714.326,210.071
13,58,1,1,1033.353,42.677,1048.003,58.561,1017.597,34.794,1065.785,171.128
15,58,1,1,1682.686,784.758,1721.603,825.408,1631.601,759.873,1756.621,1098.931
16,58,1,1,1089.235,9.095,1102.901,23.997,1074.305,1.699,1119.171,129.157
2,59,1,1,516.093,163.554,533.929,182.894,497.477,154.013,562.045,320.300
3,59,1,1,924.693,157.901,942.784,177.322,906.142,148.167,965.020,316.210
4,59,1,1,984.449,169.549,1002.962,189.395,965.642,159.619,1024.816,331.251
5,59,1,1,645.894,575.230,675.937,608.592,617.746,558.517,718.530,833.983
6,59,1,1,927.957,736.041,963.677,774.756,896.733,715.985,1001.216,1029.909
10,59,1,1,1680.180,64.615,1697.088,82.440,1650.464,56.710,1714.865,207.640
13,59,1,1,1035.605,41.872,1050.231,57.734,1019.869,34.002,1067.968,170.125
15,59,1,1,1680.386,787.553,1719.364,828.292,1629.314,762.560,1754.418,1102.386
16,59,1,1,1087.250,9.116,1100.916,24.017,1072.319,1.719,1117.207,129.172
2,60,1,1,518.677,161.472,536.449,180.748,500.114,151.962,564.433,317.705
3,60,1,1,927.075,156.342,945.121,175.713,908.561,146.633,967.283,314.249
4,60,1,1,986.617,169.273,1005.123,189.111,967.818,159.348,1026.942,330.910
5,60,1,1,639.450,578.221,669.567,611.668,611.230,561.450,712.479,837.543
6,60,1,1,931.313,732.484,966.935,771.096,900.168,712.515,1004.242,1025.680
10,60,1,1,1680.323,62.685,1697.178,80.459,1650.643,54.805,1714.915,205.288
13,60,1,1,1037.727,41.647,1052.348,57.503,1021.997,33.780,1070.057,169.852
15,60,1,1,1679.026,790.284,1718.079,831.114,1627.950,765.176,1753.181,1105.801
16,60,1,1,1085.157,9.549,1098.835,24.461,1070.215,2.146,1115.160,129.704
2,61,1,1,521.240,159.564,538.954,178.781,502.727,150.082,566.813,315.327
3,61,1,1,929.651,154.623,947.647,173.939,911.179,144.942,969.729,312.087
4,61,1,1,988.782,168.016,1007.250,187.814,970.014,158.112,1029.008,329.328
5,61,1,1,633.377,581.139,663.566,614.667,605.086,564.310,706.785,841.017
6,61,1,1,934.736,729.813,970.285,768.349,903.652,709.909,1007.379,1022.508
10,61,1,1,1680.352,60.793,1697.154,78.514,1650.713,52.936,1714.851,202.977
13,61,1,1,1040.014,41.411,1054.629,57.261,1024.291,33.548,1072.309,169.565
15,61,1,1,1677.583,793.800,1716.738,834.748,1626.498,768.540,1751.906,1110.211
16,61,1,1,1083.058,10.084,1096.750,25.010,1068.102,2.673,1113.112,130.364
2,62,1,1,523.864,158.486,541.543,177.669,505.380,149.018,569.307,313.990
3,62,1,1,932.406,152.650,950.344,171.903,913.982,143.002,972.337,309.604
4,62,1,1,990.948,166.070,1009.358,185.805,972.228,156.198,1031.035,326.874
5,62,1,1,628.029,583.593,658.279,617.190,599.678,566.715,701.762,843.936
6,62,1,1,938.599,727.724,974.093,766.201,907.565,707.870,1010.969,1020.032
10,62,1,1,1680.301,59.730,1697.072,77.422,1650.688,51.887,1714.746,201.676
13,62,1,1,1042.208,41.417,1056.826,57.270,1026.486,33.555,1074.483,169.584
15,62,1,1,1675.722,798.392,1715.012,839.496,1624.627,772.931,1750.266,1115.977
16,62,1,1,1080.941,11.106,1094.663,26.061,1065.960,3.680,1111.075,131.637
2,63,1,1,526.542,157.837,544.199,177.001,508.077,148.377,571.884,313.192
3,63,1,1,935.153,150.308,953.022,169.488,916.785,140.699,974.915,306.655
4,63,1,1,993.502,163.991,1011.850,183.659,974.833,154.154,1033.439,324.252
5,63,1,1,623.454,585.966,653.763,619.630,595.046,569.041,697.486,846.766
6,63,1,1,942.550,725.768,977.992,764.190,911.564,705.960,1014.650,1017.715
10,63,1,1,1680.282,58.935,1697.030,76.605,1650.688,51.102,1714.687,200.704
13,63,1,1,1044.737,41.535,1059.359,57.394,1029.013,33.671,1076.994,169.745
15,63,1,1,1673.913,804.390,1713.390,845.699,1622.797,778.656,1748.765,1123.541
16,63,1,1,1078.854,12.571,1092.619,27.569,1063.837,5.125,1109.094,133.467
2,64,1,1,529.296,157.852,546.950,177.017,510.834,148.388,574.579,313.226
3,64,1,1,938.050,148.097,955.854,167.210,919.736,138.526,977.649,303.873
4,64,1,1,996.246,161.746,1014.527,181.342,977.632,151.947,1036.020,321.422
5,64,1,1,619.501,588.356,649.872,622.090,591.036,571.383,693.816,849.624
6,64,1,1,946.890,723.348,982.267,761.701,915.962,703.597,1018.680,1014.846
10,64,1,1,1680.186,58.867,1696.931,76.535,1650.598,51.035,1714.586,200.617
13,64,1,1,1047.375,41.379,1061.994,57.235,1031.656,33.518,1079.598,169.561
15,64,1,1,1671.977,811.400,1711.678,852.951,1620.840,785.339,1747.196,1132.402
16,64,1,1,1077.007,14.108,1090.818,29.151,1061.953,6.640,1107.354,135.389
2,65,1,1,531.913,157.845,549.564,177.010,513.454,148.378,577.139,313.232
3,65,1,1,941.191,146.145,958.939,165.198,922.924,136.606,980.642,301.419
4,65,1,1,999.082,159.704,1017.301,179.235,980.517,149.939,1038.704,318.849
5,65,1,1,615.660,591.602,646.121,625.432,587.121,574.564,690.319,853.525
6,65,1,1,951.741,720.217,987.033,758.480,920.887,700.539,1023.164,1011.128
10,65,1,1,1680.063,58.827,1696.806,76.493,1650.483,50.995,1714.458,200.564
13,65,1,1,1049.899,40.951,1064.507,56.796,1034.191,33.097,1082.073,169.035
15,65,1,1,1670.243,818.233,1710.164,860.020,1619.090,791.844,1745.824,1141.059
16,65,1,1,1074.803,15.275,1088.648,30.352,1059.720,7.791,1105.240,136.844
2,66,1,1,534.668,157.904,552.318,177.072,516.211,148.433,579.839,313.323
3,66,1,1,944.186,144.836,961.896,163.850,925.951,135.320,983.527,299.779
4,66,1,1,1002.124,158.088,1020.296,177.568,983.600,148.350,1041.617,316.816
5,66,1,1,611.869,595.514,642.444,629.461,583.244,578.397,686.922,858.234
6,66,1,1,957.067,716.303,992.250,754.454,926.304,696.716,1028.062,1006.478
10,66,1,1,1679.899,58.818,1696.640,76.483,1650.327,50.986,1714.291,200.546
13,66,1,1,1052.137,40.314,1066.728,56.141,1036.446,32.469,1084.252,168.243
15,66,1,1,1669.030,824.814,1709.173,866.832,1617.861,798.098,1744.975,1149.432
16,66,1,1,1072.995,16.180,1086.866,31.283,1057.889,8.683,1103.502,137.972
2,67,1,1,537.574,157.872,555.220,177.040,519.121,148.398,582.681,313.300
3,67,1,1,947.728,144.303,965.426,163.303,929.507,134.796,987.001,299.123
4,67,1,1,1005.255,157.552,1023.413,177.016,986.746,147.823,1044.681,316.149
5,67,1,1,607.845,599.985,638.551,634.068,579.121,582.777,683.340,863.621
6,67,1,1,962.151,712.088,997.217,750.116,931.486,692.598,1032.716,1001.464
10,67,1,1,1679.590,58.901,1696.331,76.567,1650.033,51.068,1713.981,200.636
13,67,1,1,1054.015,39.616,1068.586,55.424,1038.342,31.782,1086.072,167.373
15,67,1,1,1668.321,830.208,1708.652,872.418,1617.140,803.216,1744.574,1156.319
16,67,1,1,1071.065,16.725,1084.950,31.843,1055.945,9.220,1101.621,138.647
2,68,1,1,540.125,156.948,557.741,176.087,521.697,147.486,585.117,312.155
3,68,1,1,951.069,144.360,968.772,163.364,932.847,134.851,990.311,299.212
4,68,1,1,1008.083,156.874,1026.222,176.318,989.592,147.157,1047.437,315.303
5,68,1,1,603.509,605.439,634.374,639.687,574.665,588.119,679.528,870.196
6,68,1,1,966.302,707.287,1001.231,745.174,935.744,687.907,1036.447,995.745
10,68,1,1,1679.026,58.626,1695.754,76.282,1649.505,50.797,1713.393,200.278
13,68,1,1,1055.689,38.361,1070.222,54.131,1040.046,30.546,1087.656,165.800
15,68,1,1,1667.620,834.978,1708.116,877.358,1616.434,807.738,1744.143,1162.415
16,68,1,1,1069.240,17.106,1083.136,32.233,1054.110,9.595,1099.836,139.116
2,69,1,1,542.563,155.458,560.133,174.551,524.174,146.017,587.406,310.301
3,69,1,1,954.376,144.632,972.091,163.647,936.149,135.119,993.600,299.572
4,69,1,1,1011.332,156.767,1029.470,176.209,992.846,147.052,1050.641,315.179
5,69,1,1,599.152,611.146,630.184,645.567,570.182,593.707,675.714,877.076
6,69,1,1,969.810,701.987,1004.587,739.718,939.369,682.727,1039.538,989.424
10,69,1,1,1678.609,57.847,1695.311,75.480,1649.128,50.028,1712.929,199.310
13,69,1,1,1057.356,37.134,1071.853,52.867,1041.743,29.336,1089.235,164.263
15,69,1,1,1667.005,838.817,1707.633,881.333,1615.819,811.376,1743.744,1167.324
16,69,1,1,1067.407,17.220,1081.305,32.349,1052.274,9.707,1098.028,139.249
2,70,1,1,545.233,153.620,562.747,172.656,526.891,144.206,589.900,308.010
3,70,1,1,957.846,145.048,975.576,164.078,939.609,135.527,997.058,300.115
4,70,1,1,1014.488,156.729,1032.627,176.172,996.005,147.015,1053.758,315.143
5,70,1,1,594.845,616.871,626.045,651.466,565.749,599.312,671.952,883.977
6,70,1,1,972.895,697.297,1007.537,734.889,942.557,678.142,1042.257,983.829
10,70,1,1,1678.331,56.428,1694.990,74.021,1648.896,48.627,1712.576,197.566
13,70,1,1,1058.317,35.944,1072.778,51.642,1042.733,28.164,1090.117,162.769
15,70,1,1,1665.850,841.521,1706.560,884.131,1614.675,813.946,1742.719,1170.749
16,70,1,1,1065.483,17.189,1079.379,32.316,1050.350,9.676,1096.120,139.200
2,71,1,1,547.865,151.553,565.315,170.524,529.575,142.169,592.341,305.431
3,71,1,1,961.458,145.321,979.201,164.362,943.216,135.796,1000.649,300.478
4,71,1,1,1017.807,156.264,1035.933,175.695,999.338,146.558,1057.011,314.568
5,71,1,1,590.713,621.621,622.053,656.359,561.513,603.960,668.289,889.695
6,71,1,1,975.623,693.299,1010.150,730.772,945.374,674.232,1044.669,979.057
10,71,1,1,1678.277,54.965,1694.894,72.517,1648.877,47.182,1712.448,195.776
13,71,1,1,1060.548,35.009,1074.983,50.679,1044.988,27.243,1092.272,161.602
15,71,1,1,1664.439,843.982,1705.215,886.675,1613.278,816.288,1741.413,1173.849
16,71,1,1,1063.505,17.383,1077.406,32.514,1048.366,9.867,1094.173,139.434
2,72,1,1,550.883,149.359,568.266,168.261,532.649,140.007,595.153,302.695
3,72,1,1,965.444,144.881,983.177,163.912,947.214,135.364,1004.567,299.941
4,72,1,1,1021.103,155.216,1039.199,174.614,1002.661,145.528,1060.207,313.253
5,72,1,1,586.525,625.325,617.974,660.171,557.243,607.582,664.496,894.141
6,72,1,1,978.744,690.064,1013.179,727.441,948.569,671.067,1047.498,975.198
10,72,1,1,1678.495,53.162,1695.062,70.666,1649.123,45.402,1712.580,193.583
13,72,1,1,1061.654,34.300,1076.068,49.950,1046.111,26.545,1093.326,160.715
15,72,1,1,1663.178,846.763,1704.036,889.551,1612.031,818.929,1740.283,1177.370
16,72,1,1,1061.485,17.880,1075.400,33.024,1046.334,10.357,1092.201,140.048
2,73,1,1,553.559,147.340,570.880,166.181,535.375,138.019,597.643,300.178
3,73,1,1,969.215,143.816,986.919,162.815,951.012,134.316,1008.236,298.611
4,73,1,1,1024.276,153.547,1042.322,172.892,1005.876,143.887,1063.246,311.153
5,73,1,1,582.154,628.541,613.698,663.480,552.801,610.726,660.489,897.994
6,73,1,1,981.901,687.517,1016.263,724.818,951.785,668.575,1050.396,972.161
10,73,1,1,1679.051,51.271,1695.571,68.726,1649.692,43.534,1713.053,191.295
13,73,1,1,1063.150,33.989,1077.555,49.631,1047.615,26.238,1094.789,160.332
15,73,1,1,1661.737,850.866,1702.724,893.798,1610.607,822.820,1739.049,1182.593
16,73,1,1,1059.562,18.622,1073.498,33.788,1044.392,11.089,1090.339,140.971
2,74,1,1,556.417,145.701,573.688,164.492,538.276,136.403,600.336,298.138
3,74,1,1,972.795,142.315,990.455,161.270,954.629,132.841,1011.688,296.729
4,74,1,1,1027.073,151.667,1045.063,170.954,1008.720,142.039,1065.902,308.784
5,74,1,1,577.299,631.092,608.919,666.103,547.889,613.219,655.966,901.035
6,74,1,1,984.873,685.222,1019.170,722.455,954.812,666.329,1053.131,969.425
10,74,1,1,1679.669,49.772,1696.151,67.188,1650.310,42.054,1713.607,189.488
13,74,1,1,1065.300,33.751,1079.699,49.387,1049.772,26.004,1096.904,160.042
15,74,1,1,1660.270,856.418,1701.439,899.547,1609.160,828.073,1737.876,1189.694
16,74,1,1,1057.429,19.800,1071.399,35.000,1042.230,12.250,1088.295,142.442
2,75,1,1,559.261,144.485,576.493,163.240,541.152,135.204,603.044,296.629
3,75,1,1,975.863,139.908,993.453,158.789,957.757,130.475,1014.582,293.698
4,75,1,1,1029.791,149.710,1047.722,168.937,1011.486,140.116,1068.476,306.319
5,75,1,1,571.883,632.884,603.556,667.940,542.432,614.966,650.841,903.148
6,75,1,1,987.584,682.604,1021.805,719.759,957.583,663.767,1055.600,966.300
10,75,1,1,1680.302,48.494,1696.754,65.878,1650.938,40.791,1714.189,187.953
13,75,1,1,1068.117,33.570,1082.512,49.204,1052.594,25.827,1099.683,159.830
15,75,1,1,1658.334,863.238,1699.726,906.609,1607.258,834.521,1736.298,1198.425
16,75,1,1,1055.439,21.432,1069.457,36.680,1040.200,13.858,1086.419,144.485
2,76,1,1,562.461,144.086,579.679,162.830,544.365,134.808,606.155,296.148
3,76,1,1,978.175,137.551,995.694,156.359,960.126,128.158,1016.731,290.727
4,76,1,1,1032.005,147.808,1049.879,166.977,1013.747,138.247,1070.555,303.922
5,76,1,1,566.223,634.483,597.944,669.579,536.727,616.525,645.475,905.027
6,76,1,1,990.088,678.928,1024.202,715.973,960.168,660.169,1057.817,961.906
10,76,1,1,1680.893,47.947,1697.335,65.319,1651.510,40.251,1714.763,187.309
13,76,1,1,1069.388,33.516,1083.782,49.149,1053.867,25.774,1100.938,159.768
15,76,1,1,1656.096,870.240,1697.714,913.860,1605.065,841.136,1734.420,1207.393
16,76,1,1,1053.393,22.958,1067.456,38.251,1038.117,15.362,1084.482,146.394
2,77,1,1,565.741,143.971,582.953,162.713,547.651,134.692,609.363,296.023
3,77,1,1,980.160,135.104,997.604,153.837,962.169,125.752,1018.550,287.641
4,77,1,1,1034.204,146.449,1052.037,165.577,1015.980,136.912,1072.650,302.211
5,77,1,1,560.351,636.449,592.132,671.595,530.796,618.442,639.936,907.349
6,77,1,1,992.394,674.663,1026.383,711.580,962.568,655.995,1059.817,956.804
10,77,1,1,1681.341,47.994,1697.788,65.369,1651.933,40.298,1715.222,187.384
13,77,1,1,1070.431,33.314,1084.820,48.942,1054.916,25.575,1101.960,159.519
15,77,1,1,1653.630,876.686,1695.449,920.534,1602.652,847.223,1732.273,1215.642
16,77,1,1,1050.970,23.897,1065.060,39.217,1035.670,16.288,1082.136,147.564
2,78,1,1,568.478,143.950,585.687,162.692,550.391,134.668,612.046,296.014
3,78,1,1,982.149,133.316,999.540,151.994,964.202,123.994,1020.413,285.388
4,78,1,1,1036.456,145.839,1054.271,164.948,1018.248,136.312,1074.840,301.447
5,78,1,1,554.273,639.330,586.140,674.555,524.637,621.252,634.266,910.780
6,78,1,1,994.855,670.023,1028.709,706.799,965.130,651.452,1061.948,951.249
10,78,1,1,1681.869,48.073,1698.323,65.452,1652.431,40.375,1715.763,187.501
13,78,1,1,1071.377,32.822,1085.751,48.436,1055.874,25.090,1102.867,158.905
15,78,1,1,1650.730,882.519,1692.719,926.570,1599.809,852.735,1729.640,1223.080
16,78,1,1,1048.383,24.311,1062.484,39.642,1033.073,16.696,1079.598,148.071
2,79,1,1,572.321,144.491,589.543,163.251,554.225,135.196,615.851,296.717
3,79,1,1,983.925,132.203,1001.283,150.847,966.005,122.900,1022.104,283.988
4,79,1,1,1038.886,145.693,1056.698,164.800,1020.684,136.169,1077.232,301.271
5,79,1,1,548.166,643.339,580.154,678.679,518.424,625.165,628.651,915.582
6,79,1,1,997.429,665.503,1031.151,702.142,967.804,647.026,1064.194,945.837
10,79,1,1,1682.730,48.479,1699.205,65.874,1653.238,40.777,1716.661,188.031
13,79,1,1,1072.854,31.910,1087.202,47.496,1057.374,24.191,1104.277,157.763
15,79,1,1,1647.786,887.370,1689.909,931.588,1596.922,857.323,1726.903,1229.243
16,79,1,1,1045.857,24.558,1059.964,39.894,1030.540,16.939,1077.110,148.369
17,79,1,1,1795.768,436.668,1825.172,466.053,1749.075,422.279,1853.085,668.297
2,80,1,1,575.876,144.447,593.094,163.207,557.784,135.149,619.335,296.684
3,80,1,1,985.978,131.829,1003.327,150.463,968.069,122.533,1024.114,283.524
4,80,1,1,1041.160,145.674,1058.973,164.782,1022.960,136.151,1079.478,301.255
5,80,1,1,541.994,648.002,574.124,683.477,512.132,629.715,623.023,921.179
6,80,1,1,1000.391,660.919,1033.979,697.419,970.868,642.537,1066.811,940.346
10,80,1,1,1683.641,48.549,1700.126,65.950,1654.098,40.846,1717.592,188.153
13,80,1,1,1074.163,31.315,1088.494,46.885,1058.698,23.605,1105.539,157.022
15,80,1,1,1645.240,891.918,1687.491,936.293,1594.428,861.617,1724.556,1235.040
16,80,1,1,1043.564,24.723,1057.674,40.061,1028.242,17.101,1074.848,148.564
17,80,1,1,1792.886,439.400,1822.312,468.863,1746.281,424.951,1850.248,671.593
2,81,1,1,579.683,143.894,596.882,162.639,561.608,134.601,623.035,296.014
3,81,1,1,988.210,131.905,1005.563,150.543,970.300,122.607,1026.327,283.630
4,81,1,1,1043.225,145.536,1061.035,164.641,1025.030,136.016,1081.511,301.088
5,81,1,1,535.790,653.193,568.077,688.819,505.796,634.778,617.402,927.417
6,81,1,1,1003.557,656.905,1037.027,693.282,974.124,638.604,1069.653,935.536
10,81,1,1,1684.676,48.609,1701.172,66.017,1655.076,40.906,1718.649,188.268
13,81,1,1,1075.724,29.914,1090.013,45.442,1060.292,22.225,1107.003,155.266
15,81,1,1,1643.514,896.004,1685.891,940.525,1592.748,865.464,1723.028,1240.289
16,81,1,1,1041.490,24.794,1055.600,40.133,1026.165,17.171,1072.797,148.643
17,81,1,1,1789.945,443.215,1819.425,472.790,1743.395,428.682,1847.412,676.226
2,82,1,1,583.461,142.500,600.617,161.204,565.423,133.227,626.652,294.288
3,82,1,1,990.458,132.242,1007.823,150.891,972.541,122.938,1028.571,284.066
4,82,1,1,1045.315,145.137,1063.113,164.231,1027.131,135.624,1083.552,300.591
5,82,1,1,529.443,658.799,561.900,694.589,499.306,640.245,611.675,934.161
6,82,1,1,1006.847,653.731,1040.225,690.011,977.489,635.493,1072.656,931.734
10,82,1,1,1685.950,47.812,1702.436,65.203,1656.300,40.118,1719.907,187.346
13,82,1,1,1077.034,28.738,1091.289,44.230,1061.632,21.065,1108.232,153.792
15,82,1,1,1642.656,899.620,1685.158,944.274,1591.929,868.856,1722.367,1244.981
16,82,1,1,1039.578,25.098,1053.697,40.445,1024.246,17.470,1070.921,149.016
17,82,1,1,1786.860,447.386,1816.403,477.085,1740.360,432.760,1844.448,681.297
2,83,1,1,587.004,140.573,604.100,159.219,569.015,131.328,630.004,291.890
3,83,1,1,992.625,132.314,1009.994,150.968,974.707,123.010,1030.719,284.167
4,83,1,1,1047.439,143.667,1065.193,162.716,1029.292,134.180,1085.567,298.739
5,83,1,1,523.079,664.046,555.698,699.989,492.807,645.357,605.905,940.473
6,83,1,1,1010.140,651.444,1043.450,687.655,980.837,633.252,1075.706,928.996
10,83,1,1,1687.242,46.321,1703.698,63.678,1657.555,38.646,1721.149,185.580
13,83,1,1,1078.393,27.470,1092.610,42.925,1063.021,19.816,1109.503,152.204
15,83,1,1,1642.635,903.153,1685.273,947.942,1591.943,872.155,1722.564,1249.622
16,83,1,1,1037.778,25.638,1051.912,41.000,1022.432,18.002,1069.169,149.687
17,83,1,1,1783.787,451.719,1813.400,481.547,1737.328,436.997,1841.508,686.571
2,84,1,1,590.119,138.482,607.152,157.065,572.183,129.268,632.926,289.283
3,84,1,1,994.718,132.274,1012.087,150.927,976.802,122.970,1032.787,284.125
4,84,1,1,1049.685,141.793,1067.382,160.785,1031.584,132.338,1087.679,296.377
5,84,1,1,516.432,668.584,549.192,704.658,486.038,649.775,599.809,945.925
6,84,1,1,1013.648,649.893,1046.913,686.057,984.386,631.731,1079.000,927.142
10,84,1,1,1688.377,44.776,1704.800,62.096,1658.663,37.120,1722.229,183.741
13,84,1,1,1079.818,26.327,1094.000,41.748,1064.474,18.689,1110.847,150.773
15,84,1,1,1642.457,907.850,1685.274,952.819,1591.817,876.524,1722.671,1255.810
16,84,1,1,1035.815,26.515,1049.974,41.902,1020.447,18.866,1067.275,150.781
17,84,1,1,1780.341,455.818,1810.009,485.767,1733.949,441.005,1838.167,691.548
2,85,1,1,592.914,136.145,609.876,154.659,575.036,126.968,635.518,286.366
3,85,1,1,996.727,131.299,1014.068,149.924,978.835,122.012,1034.718,282.901
4,85,1,1,1052.184,139.818,1069.822,158.749,1034.132,130.397,1090.036,293.888
5,85,1,1,509.845,672.580,542.731,708.766,479.341,653.661,593.732,950.722
6,85,1,1,1017.322,648.374,1050.543,684.492,988.101,630.241,1082.455,925.326
10,85,1,1,1688.939,43.102,1705.320,60.379,1659.232,35.466,1722.718,181.722
13,85,1,1,1081.588,25.522,1095.747,40.921,1066.264,17.897,1112.553,149.770
15,85,1,1,1641.885,913.844,1684.925,959.042,1591.322,882.098,1722.453,1263.702
16,85,1,1,1033.858,27.879,1048.057,43.306,1018.457,20.210,1065.416,152.488
17,85,1,1,1776.841,459.214,1806.543,489.262,1730.539,444.326,1834.732,695.659
2,86,1,1,595.575,134.085,612.474,152.536,577.748,124.938,637.998,283.794
3,86,1,1,998.761,129.612,1016.052,148.185,980.911,120.354,1036.632,280.776
4,86,1,1,1054.787,137.733,1072.361,156.600,1036.786,128.347,1092.489,291.260
5,86,1,1,503.619,676.631,536.634,712.933,473.004,657.599,588.009,955.594
6,86,1,1,1021.290,646.864,1054.466,682.936,992.110,628.759,1086.193,923.521
10,86,1,1,1689.145,41.034,1705.468,58.255,1659.472,33.423,1722.825,179.207
13,86,1,1,1083.203,25.040,1097.348,40.425,1067.891,17.421,1114.124,149.172
15,86,1,1,1641.103,921.258,1684.420,966.741,1590.646,888.982,1722.107,1273.488
16,86,1,1,1032.144,29.327,1046.386,44.798,1016.708,21.638,1063.803,154.303
17,86,1,1,1773.367,461.799,1803.084,491.920,1727.177,446.855,1831.282,698.771
2,87,1,1,598.027,132.082,614.865,150.473,580.250,122.966,640.276,281.293
3,87,1,1,1000.694,127.542,1017.922,146.051,982.894,118.318,1038.423,278.165
4,87,1,1,1057.347,135.895,1074.866,154.706,1039.392,126.541,1094.914,288.945
5,87,1,1,497.919,680.097,531.045,716.498,467.206,660.967,582.750,959.763
6,87,1,1,1025.771,644.468,1058.877,680.466,996.653,626.409,1090.382,920.650
10,87,1,1,1689.471,39.578,1705.756,56.760,1659.813,31.984,1723.085,177.444
13,87,1,1,1084.977,24.753,1099.115,40.130,1069.673,17.138,1115.864,148.820
15,87,1,1,1640.745,929.206,1684.370,975.000,1590.416,896.338,1722.234,1284.051
16,87,1,1,1030.462,30.649,1044.743,46.160,1014.993,22.941,1062.214,155.960
17,87,1,1,1770.195,463.619,1799.909,493.789,1724.123,448.636,1828.101,700.946
2,88,1,1,600.356,130.801,617.155,149.154,582.612,121.704,642.481,279.698
3,88,1,1,1002.681,125.506,1019.848,143.953,984.931,116.317,1040.269,275.599
4,88,1,1,1060.031,134.758,1077.517,153.536,1042.105,125.424,1097.502,287.517
5,88,1,1,492.685,683.118,525.910,719.605,461.886,663.900,577.911,963.398
6,88,1,1,1030.552,641.444,1063.568,677.349,1001.509,623.443,1094.830,917.023
10,88,1,1,1689.711,38.223,1705.960,55.370,1660.070,30.646,1723.262,175.802
13,88,1,1,1086.546,24.582,1100.680,39.956,1071.247,16.971,1117.407,148.614
15,88,1,1,1640.888,937.180,1684.833,983.294,1590.702,903.692,1722.882,1294.727
16,88,1,1,1028.723,31.826,1043.038,47.371,1013.225,24.100,1060.560,157.433
17,88,1,1,1767.617,464.880,1797.322,495.084,1721.646,449.871,1825.504,702.446
2,89,1,1,602.886,129.875,619.656,148.200,585.166,120.790,644.907,278.550
3,89,1,1,1004.924,122.825,1022.010,141.189,987.239,113.680,1042.332,272.218
4,89,1,1,1062.845,133.903,1080.305,152.656,1044.942,124.584,1100.233,286.446
5,89,1,1,487.779,686.313,521.107,722.892,456.891,667.002,573.401,967.250
6,89,1,1,1035.017,638.191,1067.935,673.996,1006.053,620.253,1098.964,913.119
10,89,1,1,1689.709,37.569,1705.940,54.698,1660.082,30.000,1723.228,175.005
13,89,1,1,1088.485,24.280,1102.610,39.647,1073.194,16.674,1119.309,148.244
15,89,1,1,1641.429,944.221,1685.667,990.624,1591.383,910.163,1723.884,1304.224
16,89,1,1,1027.277,31.929,1041.594,47.476,1011.776,24.202,1059.133,157.555
17,89,1,1,1765.863,465.461,1795.554,495.679,1719.969,450.441,1823.722,703.125
2,90,1,1,605.294,129.868,622.062,148.194,587.576,120.781,647.272,278.556
3,90,1,1,1007.228,120.539,1024.246,138.832,989.599,111.432,1044.478,269.336
4,90,1,1,1065.472,133.706,1082.927,152.454,1047.576,124.391,1102.817,286.205
5,90,1,1,483.092,690.125,516.543,726.816,452.101,670.704,569.148,971.855
6,90,1,1,1038.803,634.524,1071.612,670.216,1009.908,616.657,1102.446,908.712
10,90,1,1,1689.817,37.362,1706.043,54.485,1660.189,29.795,1723.328,174.756
13,90,1,1,1090.352,24.428,1104.484,39.801,1075.059,16.820,1121.166,148.440
15,90,1,1,1642.358,950.204,1686.857,996.859,1592.443,915.641,1725.223,1312.361
16,90,1,1,1025.404,32.399,1039.735,47.959,1009.892,24.665,1057.305,158.138
17,90,1,1,1764.469,465.820,1794.145,496.045,1718.639,450.793,1822.300,703.537
2,91,1,1,607.810,129.861,624.577,148.188,590.094,120.772,649.744,278.564
3,91,1,1,1009.815,118.653,1026.776,136.889,992.232,109.578,1046.927,266.962
4,91,1,1,1068.602,133.670,1086.057,152.420,1050.710,124.357,1105.906,286.170
5,91,1,1,478.554,694.478,512.145,731.297,447.449,674.930,565.079,977.122
6,91,1,1,1041.999,630.042,1074.674,665.594,1013.179,612.262,1105.332,903.319
10,91,1,1,1689.744,37.344,1705.968,54.466,1660.120,29.777,1723.252,174.731
13,91,1,1,1092.203,24.356,1106.333,39.729,1076.912,16.749,1122.993,148.360
15,91,1,1,1643.647,955.012,1688.369,1001.876,1593.847,920.024,1726.862,1318.965
16,91,1,1,1023.837,32.389,1038.166,47.947,1008.324,24.655,1055.751,158.117
17,91,1,1,1763.340,466.333,1793.012,496.572,1717.555,451.296,1821.162,704.146
2,92,1,1,610.427,130.026,627.197,148.359,592.709,120.932,652.327,278.788
3,92,1,1,1012.548,117.494,1029.475,135.696,994.994,108.439,1049.564,265.509
4,92,1,1,1071.595,133.503,1089.047,152.250,1053.710,124.194,1108.854,285.969
5,92,1,1,473.777,699.775,507.537,736.753,442.535,680.073,560.848,983.542
6,92,1,1,1044.675,626.028,1077.230,661.455,1015.925,608.326,1107.737,898.486
10,92,1,1,1689.687,37.597,1705.919,54.727,1660.061,30.028,1723.207,175.038
13,92,1,1,1093.806,24.002,1107.926,39.365,1078.525,16.400,1124.560,147.923
15,92,1,1,1644.738,959.673,1689.674,1006.739,1595.056,924.269,1728.288,1325.373
16,92,1,1,1021.815,32.359,1036.142,47.915,1006.303,24.625,1053.746,158.070
17,92,1,1,1762.396,467.828,1792.098,498.113,1716.614,452.757,1820.271,705.973
2,93,1,1,612.949,129.991,629.716,148.324,595.234,120.895,654.803,278.760
3,93,1,1,1014.866,117.095,1031.782,135.286,997.322,108.046,1051.834,265.014
4,93,1,1,1074.955,132.919,1092.390,151.649,1057.087,123.620,1112.139,285.241
5,93,1,1,469.113,705.650,503.062,742.805,437.722,685.775,556.767,990.669
6,93,1,1,1046.961,622.788,1079.419,658.113,1018.267,605.148,1109.801,894.582
10,93,1,1,1689.632,37.771,1705.868,54.905,1660.005,30.200,1723.160,175.248
13,93,1,1,1095.377,23.327,1109.478,38.671,1080.113,15.735,1126.076,147.083
15,93,1,1,1645.188,963.576,1690.294,1010.810,1595.609,927.829,1729.003,1330.717
16,93,1,1,1020.157,32.333,1034.481,47.886,1004.644,24.599,1052.101,158.028
17,93,1,1,1761.405,470.172,1791.162,500.530,1715.600,455.048,1819.379,708.848
2,94,1,1,615.589,129.450,632.339,147.767,597.889,120.360,657.363,278.097
3,94,1,1,1012.200,119.427,1029.187,137.689,994.600,110.339,1049.332,267.951
4,94,1,1,1078.087,131.739,1095.487,150.434,1060.250,122.460,1115.166,283.760
5,94,1,1,464.308,711.936,498.458,749.281,432.757,691.872,552.578,998.304
6,94,1,1,1049.537,620.241,1081.918,655.486,1020.880,602.649,1112.181,891.514
10,94,1,1,1689.451,37.821,1705.686,54.955,1659.833,30.249,1722.977,175.301
13,94,1,1,1099.169,22.641,1113.252,37.968,1083.923,15.060,1129.789,146.241
15,94,1,1,1645.276,967.067,1690.529,1014.448,1595.794,931.016,1729.317,1335.481
16,94,1,1,1018.380,32.590,1032.711,48.149,1002.861,24.852,1050.355,158.343
17,94,1,1,1760.241,473.834,1790.091,504.307,1714.379,458.626,1818.383,713.347
2,95,1,1,618.040,128.103,634.749,146.381,600.374,119.033,659.686,276.420
3,95,1,1,1006.538,123.220,1023.637,141.597,988.844,114.069,1043.952,272.724
4,95,1,1,1081.024,130.147,1098.376,148.795,1063.228,120.896,1117.977,281.758
5,95,1,1,459.535,718.174,493.887,755.709,427.824,697.919,548.415,1005.887
6,95,1,1,1052.202,618.345,1084.525,653.530,1023.568,600.788,1114.679,889.230
10,95,1,1,1689.229,37.079,1705.441,54.192,1659.639,29.516,1722.714,174.387
13,95,1,1,1100.249,21.573,1114.299,36.868,1085.029,14.007,1130.796,144.904
15,95,1,1,1645.294,971.007,1690.712,1018.556,1595.925,934.611,1729.589,1340.863
16,95,1,1,1016.631,33.456,1030.987,49.041,1001.091,25.705,1048.673,159.425
17,95,1,1,1759.065,478.425,1789.038,509.042,1713.117,463.110,1817.429,718.995
2,96,1,1,620.683,126.265,637.337,144.487,603.064,117.223,662.167,274.125
3,96,1,1,1001.883,125.327,1019.044,143.767,984.136,116.140,1039.470,275.369
4,96,1,1,1083.829,128.060,1101.118,146.645,1066.084,118.845,1120.630,279.129
5,96,1,1,454.380,723.653,488.914,761.353,422.524,703.222,543.826,1012.553
6,96,1,1,1054.450,616.564,1086.720,651.693,1025.840,599.040,1116.778,887.083
10,96,1,1,1689.193,35.614,1705.363,52.687,1659.637,28.068,1722.605,172.599
13,96,1,1,1101.376,20.474,1115.395,35.737,1086.183,12.924,1131.849,143.529
15,96,1,1,1645.534,975.712,1691.154,1023.465,1596.306,938.893,1730.140,1347.326
16,96,1,1,1014.935,34.379,1029.318,49.992,999.372,26.615,1047.047,160.580
17,96,1,1,1757.970,483.342,1788.077,514.115,1711.919,467.912,1816.578,725.048
2,97,1,1,623.385,124.152,639.975,142.310,605.815,115.142,664.691,271.486
3,97,1,1,1030.725,116.376,1047.630,134.556,1013.209,107.342,1067.480,264.169
4,97,1,1,1086.246,126.095,1103.475,144.619,1068.550,116.913,1122.907,276.653
5,97,1,1,448.993,728.249,483.684,766.086,417.009,707.663,538.949,1018.149
6,97,1,1,1056.721,614.576,1088.931,649.642,1028.140,597.089,1118.890,884.686
10,97,1,1,1689.236,34.177,1705.365,51.211,1659.709,26.649,1722.577,170.849
13,97,1,1,1102.858,19.280,1116.842,34.507,1087.694,11.747,1133.247,142.035
15,97,1,1,1645.353,982.299,1691.246,1030.334,1596.332,944.888,1730.377,1356.358
16,97,1,1,1012.945,35.840,1027.371,51.496,997.346,28.055,1045.161,162.411
17,97,1,1,1757.101,488.404,1787.352,519.339,1710.931,472.854,1815.969,731.287
2,98,1,1,626.076,122.024,642.601,140.118,608.555,113.046,667.204,268.827
3,98,1,1,1034.126,115.187,1050.997,133.332,1016.641,106.173,1070.775,262.680
4,98,1,1,1088.301,124.405,1105.480,142.878,1070.647,115.252,1124.842,274.525
5,98,1,1,442.872,732.530,477.714,770.495,410.762,711.792,533.338,1023.369
6,98,1,1,1058.780,611.544,1090.898,646.515,1030.248,594.115,1120.749,881.027
10,98,1,1,1689.567,32.721,1705.658,49.716,1660.055,25.210,1722.842,169.087
13,98,1,1,1104.130,18.343,1118.085,33.543,1088.989,10.823,1134.451,140.865
15,98,1,1,1645.154,989.504,1691.348,1037.853,1596.374,951.431,1730.637,1366.281
16,98,1,1,1011.007,37.583,1025.484,53.291,995.366,29.772,1043.343,164.597
17,98,1,1,1756.307,492.697,1786.679,523.768,1710.039,477.045,1815.394,736.577
2,99,1,1,628.852,119.901,645.313,137.931,611.381,110.955,669.802,266.175
3,99,1,1,1037.249,113.854,1054.080,131.959,1019.797,104.862,1073.787,261.007
4,99,1,1,1090.326,123.464,1107.477,141.909,1072.696,114.327,1126.789,273.342
5,99,1,1,436.234,736.005,471.206,774.072,404.011,715.135,527.170,1027.614
6,99,1,1,1060.612,608.076,1092.625,642.937,1032.135,590.712,1122.373,876.839
10,99,1,1,1690.272,31.073,1706.323,48.027,1660.758,23.581,1723.479,167.108
13,99,1,1,1105.500,17.649,1119.436,32.829,1090.376,10.139,1135.767,140.000
15,99,1,1,1644.499,997.421,1691.016,1046.115,1595.990,958.612,1730.479,1377.195
16,99,1,1,1008.928,38.845,1023.443,54.590,993.256,31.015,1041.357,166.177
17,99,1,1,1755.889,496.251,1786.366,527.437,1709.528,480.514,1815.165,740.963